,disease_name,entity_content,relation_name
0,胃癌,腹腔镜上根治性全胃切除+食管空肠ROUX-Y吻合术（D2）,手术
1,（全胃）胃体下段小弯侧溃疡型管状腺癌I级,腹腔镜上根治性全胃切除+食管空肠ROUX-Y吻合术（D2）,手术
2,胃癌术后,腹腔镜上根治性全胃切除+食管空肠ROUX-Y吻合术（D2）,手术
3,直肠癌,直肠肿瘤DIXON切除术,手术
4,直肠腺癌（中、低度分化）,隆起型,直肠肿瘤DIXON切除术,手术
5,直肠癌术后,直肠肿瘤DIXON切除术,手术
6,食管中段癌,食管中段癌切除+食管-胃底弓下吻合术,手术
7,食管溃疡型鳞状细胞癌II级,食管中段癌切除+食管-胃底弓下吻合术,手术
8,腰1压缩性骨折,根治性胃大部切除+毕I式吻合术,手术
9,腰椎退行性变,根治性胃大部切除+毕I式吻合术,手术
10,腰2/3、3/4、4/5椎间盘突出,根治性胃大部切除+毕I式吻合术,手术
11,腰4/5水平双侧隐窝狭窄,根治性胃大部切除+毕I式吻合术,手术
12,骶1-3水平椎管局限性膨大,根治性胃大部切除+毕I式吻合术,手术
13,不除外骶管囊肿,根治性胃大部切除+毕I式吻合术,手术
14,胆囊结石,根治性胃大部切除+毕I式吻合术,手术
15,胃癌伴幽门梗阻,根治性胃大部切除+毕I式吻合术,手术
16,（胃窦、幽门）腺癌,根治性胃大部切除+毕I式吻合术,手术
17,胃窦腺癌（中低度分化）,根治性胃大部切除+毕I式吻合术,手术
18,胃癌术后,根治性胃大部切除+毕I式吻合术,手术
19,升结肠癌,腹腔镜左半结肠切除术,手术
20,直肠癌,直肠癌根治术(DIXON),手术
21,直肠腺癌（中、低度分化），部分呈粘液腺癌分化，隆起型,直肠癌根治术(DIXON),手术
22,直肠癌术后,直肠癌根治术(DIXON),手术
23,结肠癌,腹腔镜上直肠癌根治术（DIXON）,手术
24,（直肠下段），：肠溃疡型管状腺癌II级,腹腔镜上直肠癌根治术（DIXON）,手术
25,筛状粉刺型腺癌,腹腔镜上直肠癌根治术（DIXON）,手术
26,直肠癌根治术后,腹腔镜上直肠癌根治术（DIXON）,手术
27,卵巢癌,肿瘤细胞减灭术（全子宫+两附件切除术+大网膜切除术+DIXON术+回盲部切除术）,手术
28,卵巢癌,腹腔清创引流+回肠造瘘术,手术
29,两侧卵巢见低分化浆液性腺癌浸润,肿瘤细胞减灭术（全子宫+两附件切除术+大网膜切除术+DIXON术+回盲部切除术）,手术
30,两侧卵巢见低分化浆液性腺癌浸润,腹腔清创引流+回肠造瘘术,手术
31,低分化浆液性腺癌,肿瘤细胞减灭术（全子宫+两附件切除术+大网膜切除术+DIXON术+回盲部切除术）,手术
32,低分化浆液性腺癌,腹腔清创引流+回肠造瘘术,手术
33,腺癌,肿瘤细胞减灭术（全子宫+两附件切除术+大网膜切除术+DIXON术+回盲部切除术）,手术
34,腺癌,腹腔清创引流+回肠造瘘术,手术
35,低分化腺癌,肿瘤细胞减灭术（全子宫+两附件切除术+大网膜切除术+DIXON术+回盲部切除术）,手术
36,低分化腺癌,腹腔清创引流+回肠造瘘术,手术
37,卵巢浆液性腺癌IIIC期,肿瘤细胞减灭术（全子宫+两附件切除术+大网膜切除术+DIXON术+回盲部切除术）,手术
38,卵巢浆液性腺癌IIIC期,腹腔清创引流+回肠造瘘术,手术
39,肠瘘,肿瘤细胞减灭术（全子宫+两附件切除术+大网膜切除术+DIXON术+回盲部切除术）,手术
40,肠瘘,腹腔清创引流+回肠造瘘术,手术
41,胃窦癌,根治性远端胃切除、胃空肠ROUX-Y吻合术,手术
42,胃体前壁及胃窦溃疡型管状腺癌II-III级,根治性远端胃切除、胃空肠ROUX-Y吻合术,手术
43,胃管状腺癌术后（PT4AN1M0IIIA期）,根治性远端胃切除、胃空肠ROUX-Y吻合术,手术
44,胃窦部MT伴胃周淋巴结转移,胃癌根治术，毕II式远端胃,手术
45,脂肪肝,胃癌根治术，毕II式远端胃,手术
46,肝左后叶上段及两肾囊肿,胃癌根治术，毕II式远端胃,手术
47,左肾小结石,胃癌根治术，毕II式远端胃,手术
48,(远端胃)下皮性恶性肿瘤，部分区为神经内分泌癌(G3，约占肿瘤体积40%)；部分为肉瘤样癌(约占肿瘤体积40%)；部分为管状腺癌，分化II级(LAUREN分型肠型，约占肿瘤组织20%),胃癌根治术，毕II式远端胃,手术
49,神经内分泌癌,胃癌根治术，毕II式远端胃,手术
50,部分肉瘤样癌,胃癌根治术，毕II式远端胃,手术
51,部分管状腺癌,胃癌根治术，毕II式远端胃,手术
52,直肠癌,腹腔镜上直肠癌根治术（MILES）+放射性粒子植入术,手术
53,（直肠）溃疡型中分化管状腺癌,腹腔镜上直肠癌根治术（MILES）+放射性粒子植入术,手术
54,直肠癌（MILES）术后,腹腔镜上直肠癌根治术（MILES）+放射性粒子植入术,手术
55,胃癌,胃癌姑息切除术（远端胃大切）,手术
56,胃癌,胃癌姑息切除术,手术
57,中至低分化腺癌，部分为粘液腺癌（LAUREN，分型：混合型）,胃癌姑息切除术（远端胃大切）,手术
58,中至低分化腺癌，部分为粘液腺癌（LAUREN，分型：混合型）,胃癌姑息切除术,手术
59,腺癌,胃癌姑息切除术（远端胃大切）,手术
60,腺癌,胃癌姑息切除术,手术
61,腺癌,胃癌姑息切除术（远端胃大切）,手术
62,腺癌,胃癌姑息切除术,手术
63,腺癌,胃癌姑息切除术（远端胃大切）,手术
64,腺癌,胃癌姑息切除术,手术
65,腺癌,胃癌姑息切除术（远端胃大切）,手术
66,腺癌,胃癌姑息切除术,手术
67,腺癌,胃癌姑息切除术（远端胃大切）,手术
68,腺癌,胃癌姑息切除术,手术
69,腺癌,胃癌姑息切除术（远端胃大切）,手术
70,腺癌,胃癌姑息切除术,手术
71,腺癌,胃癌姑息切除术（远端胃大切）,手术
72,腺癌,胃癌姑息切除术,手术
73,乙状结肠癌,开腹探查乙状结肠癌切除术,手术
74,乙状结肠隆起型中分化腺癌,开腹探查乙状结肠癌切除术,手术
75,乙状结肠癌术后,开腹探查乙状结肠癌切除术,手术
76,胃窦癌,（远端）胃癌根治术,手术
77,胃中至低分化腺癌,（远端）胃癌根治术,手术
78,腺癌,（远端）胃癌根治术,手术
79,胃窦癌术后,（远端）胃癌根治术,手术
80,乙状结肠癌,乙状结肠癌根治术,手术
81,(乙状结肠）腺癌（中度分化，部分为粘液腺癌图像），符合绒毛状管状腺瘤癌变,乙状结肠癌根治术,手术
82,乙状结肠癌术后,乙状结肠癌根治术,手术
83,升结肠肠乳头状管状腺癌II级,腹腔镜上左半结肠根治性切除术,手术
84,左半结肠回盲部隆起型管状腺癌II级,腹腔镜上左半结肠根治性切除术,手术
85,结肠癌术后,腹腔镜上左半结肠根治性切除术,手术
86,胃癌,姑息性近端胃大部切除、幽门成形术,手术
87,贲门腺癌（中度分化），浸润溃疡型,姑息性近端胃大部切除、幽门成形术,手术
88,（胃体）高级别下皮内瘤变（重度异型增生及原位癌）,姑息性近端胃大部切除、幽门成形术,手术
89,胃癌术后,姑息性近端胃大部切除、幽门成形术,手术
90,胃癌术后,姑息性近端胃大部切除、幽门成形术,手术
91,直肠癌,直肠癌DIXON手术,手术
92,直肠癌,横结肠造口术,手术
93,直肠癌术后吻合口瘘,直肠癌DIXON手术,手术
94,直肠癌术后吻合口瘘,横结肠造口术,手术
95,（直肠）腺癌（中、低度分化，局部伴神经内分泌分化；部分为粘液腺癌，约占30%）， 隆起型,直肠癌DIXON手术,手术
96,（直肠）腺癌（中、低度分化，局部伴神经内分泌分化；部分为粘液腺癌，约占30%）， 隆起型,横结肠造口术,手术
97,多发性增生性（锯齿状）息肉,直肠癌DIXON手术,手术
98,多发性增生性（锯齿状）息肉,横结肠造口术,手术
99,直肠癌术后,直肠癌DIXON手术,手术
100,直肠癌术后,横结肠造口术,手术
101,贲门癌,腹腔镜上根治性全胃切除术+胆囊切除术,手术
102,食管胃交界溃疡型管状腺癌II-III级,腹腔镜上根治性全胃切除术+胆囊切除术,手术
103,贲门腺癌,腹腔镜上根治性全胃切除术+胆囊切除术,手术
104,胃窦癌,腹腔镜上根治性远端胃大部切除术（D2,ROUX-EN-Y吻合）,手术
105,胃窦癌,腹腔镜辅助上根治性远端胃大部切除+残胃空肠ROUX-Y吻合术（D2）,手术
106,胃体胃窦交界前壁早期（0-I型）管状腺癌II级，部分为黏液腺癌,腹腔镜上根治性远端胃大部切除术（D2,ROUX-EN-Y吻合）,手术
107,胃体胃窦交界前壁早期（0-I型）管状腺癌II级，部分为黏液腺癌,腹腔镜辅助上根治性远端胃大部切除+残胃空肠ROUX-Y吻合术（D2）,手术
108,胃窦癌术后,腹腔镜上根治性远端胃大部切除术（D2,ROUX-EN-Y吻合）,手术
109,胃窦癌术后,腹腔镜辅助上根治性远端胃大部切除+残胃空肠ROUX-Y吻合术（D2）,手术
110,两侧上肢静脉曲张,上腔静脉滤器置入、两侧髂静脉支架置入,手术
111,两侧上肢静脉曲张,左上肢大隐静脉手术,手术
112,左髂总静脉血栓,上腔静脉滤器置入、两侧髂静脉支架置入,手术
113,左髂总静脉血栓,左上肢大隐静脉手术,手术
114,右腘静脉附壁血栓,上腔静脉滤器置入、两侧髂静脉支架置入,手术
115,右腘静脉附壁血栓,左上肢大隐静脉手术,手术
116,右下下肺动脉栓塞,上腔静脉滤器置入、两侧髂静脉支架置入,手术
117,右下下肺动脉栓塞,左上肢大隐静脉手术,手术
118,右大隐静脉曲张,上腔静脉滤器置入、两侧髂静脉支架置入,手术
119,右大隐静脉曲张,左上肢大隐静脉手术,手术
120,左大隐静脉曲张术后,上腔静脉滤器置入、两侧髂静脉支架置入,手术
121,左大隐静脉曲张术后,左上肢大隐静脉手术,手术
122,两侧髂静脉支架术后,上腔静脉滤器置入、两侧髂静脉支架置入,手术
123,两侧髂静脉支架术后,左上肢大隐静脉手术,手术
124,上腔静脉滤器置入术后,上腔静脉滤器置入、两侧髂静脉支架置入,手术
125,上腔静脉滤器置入术后,左上肢大隐静脉手术,手术
126,膀胱浸润性癌,全膀胱切除根治术+回肠导管术,手术
127,高级别浸润性尿路下皮癌,全膀胱切除根治术+回肠导管术,手术
128,膀胱术后,全膀胱切除根治术+回肠导管术,手术
129,膀胱癌根治术后,全膀胱切除根治术+回肠导管术,手术
130,膀胱术后,全膀胱切除根治术+回肠导管术,手术
131,腹膜种植,全膀胱切除根治术+回肠导管术,手术
132,膀胱癌综合治疗后,全膀胱切除根治术+回肠导管术,手术
133,子宫肌瘤,子宫次全切除术,手术
134,卵巢浆液性乳头状囊腺癌,全子宫+两附件切除+腹盆腔粘连松解术,手术
135,左卵巢高级别浆液性乳头状囊腺癌,全子宫+两附件切除+腹盆腔粘连松解术,手术
136,骨髓抑制I度,全子宫+两附件切除+腹盆腔粘连松解术,手术
137,卵巢浆液性乳头状囊腺癌（IIIB期，G1）术后,全子宫+两附件切除+腹盆腔粘连松解术,手术
138,结肠中至低分化腺癌,根治性左半结肠切除术,手术
139,升结肠中-低分化腺癌术后 PT3N1M0IIIB期,根治性左半结肠切除术,手术
140,腺癌,TEM术,手术
141,腺癌,腹腔镜DIXON+回肠造瘘术,手术
142,腺癌PT1N0M0,TEM术,手术
143,腺癌PT1N0M0,腹腔镜DIXON+回肠造瘘术,手术
144,盆腔右侧附件区占位,分段诊刮,手术
145,盆腔右侧附件区占位,广泛性子宫切除、两侧输卵管卵巢切除及盆腔淋巴结清扫术,手术
146,盆腔少量积液,分段诊刮,手术
147,盆腔少量积液,广泛性子宫切除、两侧输卵管卵巢切除及盆腔淋巴结清扫术,手术
148,腺癌,分段诊刮,手术
149,腺癌,广泛性子宫切除、两侧输卵管卵巢切除及盆腔淋巴结清扫术,手术
150,子宫内膜腺癌诊刮术后,分段诊刮,手术
151,子宫内膜腺癌诊刮术后,广泛性子宫切除、两侧输卵管卵巢切除及盆腔淋巴结清扫术,手术
152,骨髓抑制,分段诊刮,手术
153,骨髓抑制,广泛性子宫切除、两侧输卵管卵巢切除及盆腔淋巴结清扫术,手术
154,结肠癌,腹腔镜上左半结肠姑息性切除术,手术
155,(左半结肠)，：结肠溃疡型管状腺癌II级,腹腔镜上左半结肠姑息性切除术,手术
156,升结肠癌伴腹腔种植（PT4BN2AM1IV期)术后,腹腔镜上左半结肠姑息性切除术,手术
157,结肠脾曲MT,右半结肠根治术,手术
158,结肠脾曲MT,横结肠造瘘术,手术
159,结肠脾曲MT,造瘘肠段回纳术,手术
160,食管腹段癌,右进胸食管腹段癌切除+食管-胃底弓上吻合术,手术
161,食管腹段癌,胃镜上吻合口狭窄扩张术,手术
162,（腹段食管及近端胃）食管蕈伞型鳞状细胞癌II-III级,右进胸食管腹段癌切除+食管-胃底弓上吻合术,手术
163,（腹段食管及近端胃）食管蕈伞型鳞状细胞癌II-III级,胃镜上吻合口狭窄扩张术,手术
164,轻度慢性浅表性胃炎,右进胸食管腹段癌切除+食管-胃底弓上吻合术,手术
165,轻度慢性浅表性胃炎,胃镜上吻合口狭窄扩张术,手术
166,吻合口狭窄,右进胸食管腹段癌切除+食管-胃底弓上吻合术,手术
167,吻合口狭窄,胃镜上吻合口狭窄扩张术,手术
168,食管上段癌,右进胸食管腹段癌切除+食管-胃底弓上吻合术,手术
169,食管上段癌,胃镜上吻合口狭窄扩张术,手术
170,卵巢恶性肿瘤,肿瘤细胞减灭术（I型全子宫切除+两侧附件切除+大网膜切除+盆腔及腹主动脉旁淋巴结清扫+肠修补术）,手术
171,高级别浆液性癌,肿瘤细胞减灭术（I型全子宫切除+两侧附件切除+大网膜切除+盆腔及腹主动脉旁淋巴结清扫+肠修补术）,手术
172,胃癌,胃癌根治术,手术
173,胃窦腺癌,胃癌根治术,手术
174,胃恶性肿瘤术后,胃癌根治术,手术
175,胃体胃窦癌(CT4N2M0,IIIB期),行胃癌根治术（远端胃大切）,手术
176,胃中至低分化管状腺癌（LAUREN，分型：肠型）,行胃癌根治术（远端胃大切）,手术
177,胃癌综合治疗后,行胃癌根治术（远端胃大切）,手术
178,溃疡型低分化腺癌，伴印戒细胞癌，LAUREN，分型：弥漫型,胃癌切除术,手术
179,（胃角、胃体后壁）低分化腺癌,根治性胃癌根治术+毕I式吻合,手术
180,胃体、胃窦低分化腺癌,根治性胃癌根治术+毕I式吻合,手术
181,胃癌术后,根治性胃癌根治术+毕I式吻合,手术
182,结肠恶性肿瘤,左半结肠切除术,手术
183, 结肠腺癌（中低分化），浸润溃疡型,左半结肠切除术,手术
184,粘液腺癌,左半结肠切除术,手术
185,结肠癌术后,左半结肠切除术,手术
186,直肠癌,腹会阴联合直肠癌根治术（MILES手术）,手术
187,腺癌（中度分化），浸润型,腹会阴联合直肠癌根治术（MILES手术）,手术
188,直肠癌术后,腹会阴联合直肠癌根治术（MILES手术）,手术
189,肝内外胆管多发结石伴胆管扩张,复杂粘连松解、胆总管切开取石、胆道镜探查、T管引流术,手术
190,慢性肝病,复杂粘连松解、胆总管切开取石、胆道镜探查、T管引流术,手术
191,肝内胆管及胆总管多发结石伴远端胆管扩张,复杂粘连松解、胆总管切开取石、胆道镜探查、T管引流术,手术
192,降结肠癌伴肝转移,腹腔镜上右半结肠切除术,手术
193,结肠隆起型黏液腺癌,腹腔镜上右半结肠切除术,手术
194,降结肠癌伴肝转移,腹腔镜上右半结肠切除术,手术
195,结肠癌,右半结肠切除术+横结肠两腔造瘘术,手术
196,肠梗阻,右半结肠切除术+横结肠两腔造瘘术,手术
197,（结肠）腺癌（中度分化），浸润溃疡型,右半结肠切除术+横结肠两腔造瘘术,手术
198,结肠癌术后,右半结肠切除术+横结肠两腔造瘘术,手术
199,胃癌,腹腔镜上根治性远端胃大部切除术,手术
200,胃体大弯侧溃疡型低分化腺癌,腹腔镜上根治性远端胃大部切除术,手术
201,皮疹,腹腔镜上根治性远端胃大部切除术,手术
202,胃癌术后,腹腔镜上根治性远端胃大部切除术,手术
203,高分化腺癌,乙状结肠切除术（DIXONS’术式）,手术
204,结肠癌,乙状结肠切除术（DIXONS’术式）,手术
205,乙状结肠低分化腺癌,腹腔镜上腹腔探查术+中转开腹+术中冰冻活检+乙状结肠癌根治术+小肠部分切除术、肠吻合术,手术
206,骨髓抑制,腹腔镜上腹腔探查术+中转开腹+术中冰冻活检+乙状结肠癌根治术+小肠部分切除术、肠吻合术,手术
207,胃窦溃疡,根治性远端胃大部切除＋毕Ｉ式吻合术,手术
208,胃窦溃疡,超声引导上右肝肿块射频消融术,手术
209,胃窦小弯侧溃疡型管状腺癌II级,根治性远端胃大部切除＋毕Ｉ式吻合术,手术
210,胃窦小弯侧溃疡型管状腺癌II级,超声引导上右肝肿块射频消融术,手术
211,肝转移瘤,根治性远端胃大部切除＋毕Ｉ式吻合术,手术
212,肝转移瘤,超声引导上右肝肿块射频消融术,手术
213,两肾多发囊肿,根治性远端胃大部切除＋毕Ｉ式吻合术,手术
214,两肾多发囊肿,超声引导上右肝肿块射频消融术,手术
215,胃大部切除术后,根治性远端胃大部切除＋毕Ｉ式吻合术,手术
216,胃大部切除术后,超声引导上右肝肿块射频消融术,手术
217,肝转移瘤,根治性远端胃大部切除＋毕Ｉ式吻合术,手术
218,肝转移瘤,超声引导上右肝肿块射频消融术,手术
219,两肾多发囊肿,根治性远端胃大部切除＋毕Ｉ式吻合术,手术
220,两肾多发囊肿,超声引导上右肝肿块射频消融术,手术
221,两肾小结石或钙化,根治性远端胃大部切除＋毕Ｉ式吻合术,手术
222,两肾小结石或钙化,超声引导上右肝肿块射频消融术,手术
223,胃癌术后肝转移,根治性远端胃大部切除＋毕Ｉ式吻合术,手术
224,胃癌术后肝转移,超声引导上右肝肿块射频消融术,手术
225,左侧结肠癌,左半结肠切除术,手术
226,结肠腺癌（中低度分化）,左半结肠切除术,手术
227,粘液腺癌,左半结肠切除术,手术
228,结肠术后,左半结肠切除术,手术
229,肝多发囊肿,直肠癌根治术,手术
230,肾囊肿,直肠癌根治术,手术
231,直肠CA,直肠癌根治术,手术
232,直肠腺癌（中低度分化），部分呈粘液腺癌图像，浸润溃疡型,直肠癌根治术,手术
233,炎性增生性息肉,直肠癌根治术,手术
234,直肠术后,直肠癌根治术,手术
235,胃CA侵出浆膜层并网膜种植转移,腹腔置管引流术,手术
236,胃体癌慢性萎缩性胃炎,腹腔置管引流术,手术
237,胃体癌伴腹腔种植转移,腹腔置管引流术,手术
238,前列腺癌GLEANSON分级III级,B超引导上经直肠前列腺穿刺活检,手术
239,前列腺增生症，伴PINI级,B超引导上经直肠前列腺穿刺活检,手术
240,前列腺癌,B超引导上经直肠前列腺穿刺活检,手术
241,乙状结肠癌,腹腔镜上乙状结肠根治性切除术,手术
242,乙状结肠浸润性管状腺癌I-II级,腹腔镜上乙状结肠根治性切除术,手术
243,乙状结肠癌术后,腹腔镜上乙状结肠根治性切除术,手术
244,直肠癌,腹腔镜上直肠全系膜切除术(TME)预防性回肠造口术,手术
245,肠溃疡型管状腺癌II级,腹腔镜上直肠全系膜切除术(TME)预防性回肠造口术,手术
246,直肠癌术后,腹腔镜上直肠全系膜切除术(TME)预防性回肠造口术,手术
247,胃癌,腹腔镜上根治性全胃切除术,手术
248,食管胃交界溃疡型管状腺癌II－III级,腹腔镜上根治性全胃切除术,手术
249,腹痛待查,腹腔镜上根治性全胃切除术,手术
250,直肠癌,腹腔镜上直肠癌根治术DIXON,手术
251,直肠癌,腹腔镜直肠癌根治切除术,手术
252,大肠溃疡型管状腺癌II级,腹腔镜上直肠癌根治术DIXON,手术
253,大肠溃疡型管状腺癌II级,腹腔镜直肠癌根治切除术,手术
254,大肠管状腺瘤,腹腔镜上直肠癌根治术DIXON,手术
255,大肠管状腺瘤,腹腔镜直肠癌根治切除术,手术
256,直肠癌术后,腹腔镜上直肠癌根治术DIXON,手术
257,直肠癌术后,腹腔镜直肠癌根治切除术,手术
258,胰腺囊腺癌,胰体尾切除+空肠近端切除+脾切除+结肠脾区切除+ROUX-EN-Y吻合术,手术
259,胰腺粘液性囊腺癌,胰体尾切除+空肠近端切除+脾切除+结肠脾区切除+ROUX-EN-Y吻合术,手术
260,直肠癌,直肠HARTMANN手术,手术
261,直肠腺癌（中度分化），浸润溃疡型,直肠HARTMANN手术,手术
262,低级别腺管状腺瘤,直肠HARTMANN手术,手术
263,直肠癌术后,直肠HARTMANN手术,手术
264,胃肠间质肿瘤,剖腹探查术,手术
265,胃肠间质肿瘤,空肠切除术,手术
266,结肠腺癌,腹腔镜上结肠肿瘤切除术,手术
267,左半结肠）溃疡型中分化腺癌,腹腔镜上结肠肿瘤切除术,手术
268,胃癌,胃癌根治术（毕I式吻合）,手术
269,胃癌术后,胃癌根治术（毕I式吻合）,手术
270,高血压,胃癌根治术（毕I式吻合）,手术
271,结肠肿瘤,腹腔镜上腹腔探查术、中转开腹，右半结肠癌根治术、小肠系膜结节活检、开腹肿瘤特殊治疗、肠粘连松解术,手术
272,右半结肠粘液性腺癌（中分化）,腹腔镜上腹腔探查术、中转开腹，右半结肠癌根治术、小肠系膜结节活检、开腹肿瘤特殊治疗、肠粘连松解术,手术
273,肠系膜及网膜癌转移,腹腔镜上腹腔探查术、中转开腹，右半结肠癌根治术、小肠系膜结节活检、开腹肿瘤特殊治疗、肠粘连松解术,手术
274,右半结肠癌术后,腹腔镜上腹腔探查术、中转开腹，右半结肠癌根治术、小肠系膜结节活检、开腹肿瘤特殊治疗、肠粘连松解术,手术
275,胃癌,腹腔镜辅助上根治性远端胃大部切除术（D2）,手术
276,（远端胃），：胃窦隆起型粘液腺癌,腹腔镜辅助上根治性远端胃大部切除术（D2）,手术
277,卵巢CA,腹腔镜上腹膜活检术+右侧卵巢切除术,手术
278,腺癌,腹腔镜上腹膜活检术+右侧卵巢切除术,手术
279,腺癌,腹腔镜上腹膜活检术+右侧卵巢切除术,手术
280,腺癌,腹腔镜上腹膜活检术+右侧卵巢切除术,手术
281,腺癌,腹腔镜上腹膜活检术+右侧卵巢切除术,手术
282,（右卵巢）中-低分化宫内膜样腺癌伴腹膜转移,腹腔镜上腹膜活检术+右侧卵巢切除术,手术
283,胃癌,腹腔镜根治性远端胃大部切除术（毕I式D2R0）,手术
284,（远端胃）胃角溃疡型低分化腺癌,腹腔镜根治性远端胃大部切除术（毕I式D2R0）,手术
285,胃癌术后,腹腔镜根治性远端胃大部切除术（毕I式D2R0）,手术
286,卵巢癌,全子宫切除+两附件切除+盆腔淋巴结切除+腹主动脉淋巴结切除+大网膜切除+肠粘连松解术,手术
287,低分化腺癌,全子宫切除+两附件切除+盆腔淋巴结切除+腹主动脉淋巴结切除+大网膜切除+肠粘连松解术,手术
288,高级别浆液性腺癌,全子宫切除+两附件切除+盆腔淋巴结切除+腹主动脉淋巴结切除+大网膜切除+肠粘连松解术,手术
289,腺癌,全子宫切除+两附件切除+盆腔淋巴结切除+腹主动脉淋巴结切除+大网膜切除+肠粘连松解术,手术
290,腺癌,全子宫切除+两附件切除+盆腔淋巴结切除+腹主动脉淋巴结切除+大网膜切除+肠粘连松解术,手术
291,中见低分化腺癌,全子宫切除+两附件切除+盆腔淋巴结切除+腹主动脉淋巴结切除+大网膜切除+肠粘连松解术,手术
292,卵巢低分化腺癌IIIC期,全子宫切除+两附件切除+盆腔淋巴结切除+腹主动脉淋巴结切除+大网膜切除+肠粘连松解术,手术
293,腺癌,（宫颈肿物）活检术,手术
294,腺癌,宫颈癌根治术(II型子宫切除+两侧附件切除+盆腔淋巴结清扫术+腹主动脉旁淋巴结活检术）,手术
295,低分化癌,（宫颈肿物）活检术,手术
296,低分化癌,宫颈癌根治术(II型子宫切除+两侧附件切除+盆腔淋巴结清扫术+腹主动脉旁淋巴结活检术）,手术
297,宫颈癌IB1期,（宫颈肿物）活检术,手术
298,宫颈癌IB1期,宫颈癌根治术(II型子宫切除+两侧附件切除+盆腔淋巴结清扫术+腹主动脉旁淋巴结活检术）,手术
299,宫颈低分化癌,（宫颈肿物）活检术,手术
300,宫颈低分化癌,宫颈癌根治术(II型子宫切除+两侧附件切除+盆腔淋巴结清扫术+腹主动脉旁淋巴结活检术）,手术
301,低分化腺鳞癌,（宫颈肿物）活检术,手术
302,低分化腺鳞癌,宫颈癌根治术(II型子宫切除+两侧附件切除+盆腔淋巴结清扫术+腹主动脉旁淋巴结活检术）,手术
303,结肠肝曲癌,腹腔镜上扩大根治性左半结肠切除术,手术
304,大肠隆起型管状腺癌II级,腹腔镜上扩大根治性左半结肠切除术,手术
305,结肠肝曲癌术后,腹腔镜上扩大根治性左半结肠切除术,手术
306,直肠癌,腹腔镜上直肠癌姑息性切除术DIXON,手术
307,肠溃疡型管状腺癌II级,腹腔镜上直肠癌姑息性切除术DIXON,手术
308,直肠癌术后,腹腔镜上直肠癌姑息性切除术DIXON,手术
309,宫颈腺癌,广泛全子宫切除+两附件切除术+盆腔淋巴结清扫术,手术
310,（全子宫+两附件）子宫颈内生浸润型中分化粘液腺癌（宫颈管亚型）,广泛全子宫切除+两附件切除术+盆腔淋巴结清扫术,手术
311,I度骨髓抑制,广泛全子宫切除+两附件切除术+盆腔淋巴结清扫术,手术
312,宫颈腺癌(IB1期，II级)术后,广泛全子宫切除+两附件切除术+盆腔淋巴结清扫术,手术
313,结肠癌,姑息性乙状结肠癌切除+横结肠造瘘术,手术
314,（乙状结肠）粘液腺癌，浸润溃疡型,姑息性乙状结肠癌切除+横结肠造瘘术,手术
315,乙状结肠癌术后,姑息性乙状结肠癌切除+横结肠造瘘术,手术
316,直肠癌,直肠高位前切除术,手术
317,直肠癌,胆囊切除术,手术
318,直肠癌：隆起型　中分化管状腺癌,直肠高位前切除术,手术
319,直肠癌：隆起型　中分化管状腺癌,胆囊切除术,手术
320,胆囊炎、胆囊结石,直肠高位前切除术,手术
321,胆囊炎、胆囊结石,胆囊切除术,手术
322,（右附件）高级别浆液性乳头状癌,经腹子宫切除+两附件切除+大网膜切除+肠壁转移瘤切除术,手术
323,肠壁转移瘤,经腹子宫切除+两附件切除+大网膜切除+肠壁转移瘤切除术,手术
324,慢性宫颈炎,经腹子宫切除+两附件切除+大网膜切除+肠壁转移瘤切除术,手术
325,左卵巢黄体囊肿,经腹子宫切除+两附件切除+大网膜切除+肠壁转移瘤切除术,手术
326,恶性肿瘤术后化疗,经腹子宫切除+两附件切除+大网膜切除+肠壁转移瘤切除术,手术
327,窦性心律,结肠息肉内镜上切除,手术
328,慢性胃炎,结肠息肉内镜上切除,手术
329,结肠息肉,结肠息肉内镜上切除,手术
330,肠息肉,结肠息肉内镜上切除,手术
331,直肠癌,直肠癌低位前切除术,手术
332,直肠癌,剖腹探查术、腹盆腔冲洗、回肠造瘘术、腹盆腔置管引流术,手术
333,吻合口瘘,直肠癌低位前切除术,手术
334,吻合口瘘,剖腹探查术、腹盆腔冲洗、回肠造瘘术、腹盆腔置管引流术,手术
335,腹膜炎,直肠癌低位前切除术,手术
336,腹膜炎,剖腹探查术、腹盆腔冲洗、回肠造瘘术、腹盆腔置管引流术,手术
337, 肠溃疡型中分化腺癌,直肠癌低位前切除术,手术
338, 肠溃疡型中分化腺癌,剖腹探查术、腹盆腔冲洗、回肠造瘘术、腹盆腔置管引流术,手术
339,直肠癌,腹腔镜上直肠癌根治术（MILES）,手术
340,直肠溃疡型管状腺癌II级,腹腔镜上直肠癌根治术（MILES）,手术
341,直肠癌术后,腹腔镜上直肠癌根治术（MILES）,手术
342,胃食管结合部腺癌II型，PT3N3AM0，IIIB期,胃癌根治术（D2全胃+ROUX-EN-Y重建）,手术
343,残胃癌,根治性残胃癌切除术,手术
344,残胃癌,剖腹探查+小肠粘连松解术,手术
345,（残胃）胃近贲门处溃疡型管状腺癌II-III级,根治性残胃癌切除术,手术
346,（残胃）胃近贲门处溃疡型管状腺癌II-III级,剖腹探查+小肠粘连松解术,手术
347,粘液腺癌,根治性残胃癌切除术,手术
348,粘液腺癌,剖腹探查+小肠粘连松解术,手术
349,粘连性小肠梗阻,根治性残胃癌切除术,手术
350,粘连性小肠梗阻,剖腹探查+小肠粘连松解术,手术
351,食管胃交界腺癌,正中开腹根治性全胃切除+食管-空肠ROUX-EN-Y吻合+空肠造瘘+脾切除术,手术
352,食管-胃交界处溃疡型混合型腺神经内分泌癌【腺癌为管状腺癌II-III级，神经内分泌肿瘤为G3型（神经内分泌癌）】,正中开腹根治性全胃切除+食管-空肠ROUX-EN-Y吻合+空肠造瘘+脾切除术,手术
353,食管胃交界腺癌术后,正中开腹根治性全胃切除+食管-空肠ROUX-EN-Y吻合+空肠造瘘+脾切除术,手术
354,进展期乙状结肠癌，溃疡浸润型，中分化腺癌,乙状结肠癌根治术,手术
355,乙状结肠CA（浸润型）,阑尾切除术,手术
356,乙状结肠CA（浸润型）,腹腔镜上乙状结肠癌根治术,手术
357,肠溃疡型管状腺癌II级,阑尾切除术,手术
358,肠溃疡型管状腺癌II级,腹腔镜上乙状结肠癌根治术,手术
359,结肠癌术后,阑尾切除术,手术
360,结肠癌术后,腹腔镜上乙状结肠癌根治术,手术
361,直肠癌,直肠癌根治术（DIXON）,手术
362,（直肠）腺癌(中度分化),浸润溃疡型,直肠癌根治术（DIXON）,手术
363,直肠癌术后,直肠癌根治术（DIXON）,手术
364,直肠癌,直肠癌根治术（DIXON术）,手术
365,直肠癌术后,直肠癌根治术（DIXON术）,手术
366,胃癌,全胃切除术+空肠J字代胃术,手术
367,胃体腺癌（低分化）,全胃切除术+空肠J字代胃术,手术
368,胃癌术后,全胃切除术+空肠J字代胃术,手术
369,胃癌,腹腔镜上胃癌根治术,手术
370,（远端胃大部），：胃体小弯浸润型印戒细胞癌,腹腔镜上胃癌根治术,手术
371,胃印戒细胞癌,腹腔镜上胃癌根治术,手术
372,（胃）溃疡型中分化管状腺癌,腹腔镜上胃癌根治术,手术
373,溃疡型中分化管状腺癌（T3N0M0）,腹腔镜上胃癌根治术,手术
374,胃癌术后,腹腔镜上胃癌根治术,手术
375,（乙状结肠）腺癌,乙状结肠癌根治术,手术
376,乙状结肠癌术后,乙状结肠癌根治术,手术
377,直肠隆起型管状腺癌,腹腔镜上直肠癌根治术（DIXON）,手术
378,肠隆起型绒毛状-管状腺癌II级,腹腔镜上直肠癌根治术（DIXON）,手术
379,腺癌,左半结肠切除术,手术
380,升结肠癌,左半结肠切除术,手术
381,中至低分化腺癌,左半结肠切除术,手术
382,阑尾及小肠粘膜慢性炎,左半结肠切除术,手术
383,直肠管状粘液腺癌（低分化），浸润溃疡型,直肠癌根治术（DIXON）,手术
384,直肠癌术后,直肠癌根治术（DIXON）,手术
385,右卵巢囊肿,腹腔镜上右卵巢囊肿剥除术+盆腔粘连松解术,手术
386,卵巢卵黄囊瘤,腹腔镜上右卵巢囊肿剥除术+盆腔粘连松解术,手术
387,右卵巢卵黄囊瘤术后,腹腔镜上右卵巢囊肿剥除术+盆腔粘连松解术,手术
388,升结肠癌,右半结肠切除术,手术
389,腺癌,右半结肠切除术,手术
390,肠低分化腺癌（印戒细胞癌）,右半结肠切除术,手术
391,残胃癌,残胃癌切除术+复杂肠粘连松解术+ROUX-EN-Y吻合术,手术
392,中至低分化腺癌（LAUREN，分型：肠型）,残胃癌切除术+复杂肠粘连松解术+ROUX-EN-Y吻合术,手术
393,I°骨髓抑制,残胃癌切除术+复杂肠粘连松解术+ROUX-EN-Y吻合术,手术
394,残胃癌综合治疗后,残胃癌切除术+复杂肠粘连松解术+ROUX-EN-Y吻合术,手术
395,子宫内膜癌,子宫内膜分段诊刮,手术
396,恶性苗勒氏混合瘤,子宫内膜分段诊刮,手术
397,全子宫+两附件切除+盆腔淋巴结清扫+大网膜切除+腹主动脉旁淋巴结活检术,子宫内膜分段诊刮,手术
398,子宫内膜样腺癌（中分化）,子宫内膜分段诊刮,手术
399,癌肉瘤,子宫内膜分段诊刮,手术
400,乙状结肠腺癌,结肠癌根治术+放射性粒子置入术,手术
401,乙状结肠溃疡型中分化管状乳头状腺癌,结肠癌根治术+放射性粒子置入术,手术
402,结肠多发息肉,结肠镜电切手术,手术
403,横结肠增生性腺瘤性息肉 乙状结肠低级别管状腺瘤,结肠镜电切手术,手术
404,结肠癌,左半结肠切除+淋巴结清扫术,手术
405,（结肠）中分化腺癌,左半结肠切除+淋巴结清扫术,手术
406,腺癌,左半结肠切除+淋巴结清扫术,手术
407,结肠癌术后,左半结肠切除+淋巴结清扫术,手术
408,高血压,左半结肠切除+淋巴结清扫术,手术
409,乙型病毒性肝炎,左半结肠切除+淋巴结清扫术,手术
410,卵巢癌,经腹子宫+两侧附件切除+大网膜切除+部分肠壁转移病灶切除术,手术
411,高级别浆液性乳头状癌,经腹子宫+两侧附件切除+大网膜切除+部分肠壁转移病灶切除术,手术
412,（两附件区）卵巢高级别浆液性乳头状癌,经腹子宫+两侧附件切除+大网膜切除+部分肠壁转移病灶切除术,手术
413,慢性宫颈炎,经腹子宫+两侧附件切除+大网膜切除+部分肠壁转移病灶切除术,手术
414,卵巢癌术后,经腹子宫+两侧附件切除+大网膜切除+部分肠壁转移病灶切除术,手术
415,结肠癌,腹腔镜辅助上乙状结肠癌根治术,手术
416,（乙状结肠），：大肠溃疡型管状腺癌II级,腹腔镜辅助上乙状结肠癌根治术,手术
417,结肠癌术后,腹腔镜辅助上乙状结肠癌根治术,手术
418,低分化腺癌,根治性远端胃大部切除、毕II式吻合术,手术
419,胃窦部腺癌(中、低度分化),根治性远端胃大部切除、毕II式吻合术,手术
420,胃贲门癌术后,根治性远端胃大部切除、毕II式吻合术,手术
421,肝囊肿,根治性远端胃大部切除、毕II式吻合术,手术
422,胆囊息肉,根治性远端胃大部切除、毕II式吻合术,手术
423,脂肪瘤,根治性远端胃大部切除、毕II式吻合术,手术
424,贲门溃疡型胃癌,根治性全胃切除术（食道空肠ROUX-Y吻合、D2、R0）,手术
425,腺癌,根治性全胃切除术（食道空肠ROUX-Y吻合、D2、R0）,手术
426,贲门癌,根治性全胃切除术（食道空肠ROUX-Y吻合、D2、R0）,手术
427,食管胃交界溃疡型管状腺癌II,根治性全胃切除术（食道空肠ROUX-Y吻合、D2、R0）,手术
428,胃癌术后,根治性全胃切除术（食道空肠ROUX-Y吻合、D2、R0）,手术
429,胃窦癌,腹腔镜上根治性远端胃大部切除术,手术
430,胃窦癌伴出血伴肝脏、胰腺受侵,腹腔镜上根治性远端胃大部切除术,手术
431,胃窦浸润型管状腺癌II-III级,腹腔镜上根治性远端胃大部切除术,手术
432,胃窦癌术后,腹腔镜上根治性远端胃大部切除术,手术
433,低分化腺癌,腹腔镜探查+（全胃）胃癌根治术,手术
434,印戒细胞癌,腹腔镜探查+（全胃）胃癌根治术,手术
435,LAUREN，分型:弥漫型,腹腔镜探查+（全胃）胃癌根治术,手术
436,全胃癌（PT3N3M0，IIIB）,腹腔镜探查+（全胃）胃癌根治术,手术
437,结肠癌（浆膜上层），溃疡型，中分化腺癌，II级,扩大左半结肠切除术,手术
438,中分化鳞癌,宫颈癌根治术+两侧附件切除术+盆腔淋巴结清扫术,手术
439,宫颈中分化鳞癌,宫颈癌根治术+两侧附件切除术+盆腔淋巴结清扫术,手术
440,胃癌,胃癌根治术,手术
441,（胃幽门小弯侧）腺癌（中度分化），浸润溃疡型，,胃癌根治术,手术
442,胃癌术后,胃癌根治术,手术
443,乙状结肠腺癌并肝转移,姑息性乙状结肠切除,手术
444,两肺结节 转移瘤,姑息性乙状结肠切除,手术
445,结肠中至低分化管状腺癌,姑息性乙状结肠切除,手术
446,腺癌,姑息性乙状结肠切除,手术
447,乙状结肠腺癌并肝转移,姑息性乙状结肠切除,手术
448,两肺结节 转移瘤,姑息性乙状结肠切除,手术
449,子宫肌瘤,姑息性乙状结肠切除,手术
450,慢性胆囊炎,姑息性乙状结肠切除,手术
451,左肾囊肿,姑息性乙状结肠切除,手术
452,腺癌,左半结肠切除术,手术
453,中分化腺癌,左半结肠切除术,手术
454,腺癌,左半结肠切除术,手术
455,胃MT,腹腔镜根治性全胃切除术,手术
456,(全胃)平坦型低分化腺癌,腹腔镜根治性全胃切除术,手术
457,结肠癌,姑息性右半结肠切除术,手术
458,（横结肠）腺癌（中度分化）,姑息性右半结肠切除术,手术
459,结肠术后,姑息性右半结肠切除术,手术
460,(全胃)，：胃体小弯溃疡型低粘附性癌（低分化腺癌）,腹腔镜上根治性全胃切除术,手术
461,胃低分化腺癌,腹腔镜上根治性全胃切除术,手术
462,胃低分化腺癌术后,腹腔镜上根治性全胃切除术,手术
463,肝恶性肿瘤术后,DSA上选择性肝动脉造影及TACE术,手术
464,肝恶性肿瘤术后,DSA上选择性肝动脉造影及TACE术,手术
465,肝恶性肿瘤术后,TACE术,手术
466,肝恶性肿瘤术后,DSA上选择性肝动脉造影+TACE术,手术
467,肝硬化部分切除术后,DSA上选择性肝动脉造影及TACE术,手术
468,肝硬化部分切除术后,DSA上选择性肝动脉造影及TACE术,手术
469,肝硬化部分切除术后,TACE术,手术
470,肝硬化部分切除术后,DSA上选择性肝动脉造影+TACE术,手术
471,肝硬化,DSA上选择性肝动脉造影及TACE术,手术
472,肝硬化,DSA上选择性肝动脉造影及TACE术,手术
473,肝硬化,TACE术,手术
474,肝硬化,DSA上选择性肝动脉造影+TACE术,手术
475,胆囊切除术后,DSA上选择性肝动脉造影及TACE术,手术
476,胆囊切除术后,DSA上选择性肝动脉造影及TACE术,手术
477,胆囊切除术后,TACE术,手术
478,胆囊切除术后,DSA上选择性肝动脉造影+TACE术,手术
479,腹腔积液（少量）,DSA上选择性肝动脉造影及TACE术,手术
480,腹腔积液（少量）,DSA上选择性肝动脉造影及TACE术,手术
481,腹腔积液（少量）,TACE术,手术
482,腹腔积液（少量）,DSA上选择性肝动脉造影+TACE术,手术
483,窦性心律,DSA上选择性肝动脉造影及TACE术,手术
484,窦性心律,DSA上选择性肝动脉造影及TACE术,手术
485,窦性心律,TACE术,手术
486,窦性心律,DSA上选择性肝动脉造影+TACE术,手术
487,肝恶性肿瘤术后,DSA上选择性肝动脉造影及TACE术,手术
488,肝恶性肿瘤术后,DSA上选择性肝动脉造影及TACE术,手术
489,肝恶性肿瘤术后,TACE术,手术
490,肝恶性肿瘤术后,DSA上选择性肝动脉造影+TACE术,手术
491,胆囊切除术后,DSA上选择性肝动脉造影及TACE术,手术
492,胆囊切除术后,DSA上选择性肝动脉造影及TACE术,手术
493,胆囊切除术后,TACE术,手术
494,胆囊切除术后,DSA上选择性肝动脉造影+TACE术,手术
495,肝恶性肿瘤术后,DSA上选择性肝动脉造影及TACE术,手术
496,肝恶性肿瘤术后,DSA上选择性肝动脉造影及TACE术,手术
497,肝恶性肿瘤术后,TACE术,手术
498,肝恶性肿瘤术后,DSA上选择性肝动脉造影+TACE术,手术
499,肝CA,DSA上选择性肝动脉造影及TACE术,手术
500,肝CA,DSA上选择性肝动脉造影及TACE术,手术
501,肝CA,TACE术,手术
502,肝CA,DSA上选择性肝动脉造影+TACE术,手术
503,肝CA治疗后,DSA上选择性肝动脉造影及TACE术,手术
504,肝CA治疗后,DSA上选择性肝动脉造影及TACE术,手术
505,肝CA治疗后,TACE术,手术
506,肝CA治疗后,DSA上选择性肝动脉造影+TACE术,手术
507,PHC,DSA上选择性肝动脉造影及TACE术,手术
508,PHC,DSA上选择性肝动脉造影及TACE术,手术
509,PHC,TACE术,手术
510,PHC,DSA上选择性肝动脉造影+TACE术,手术
511,冠状动脉粥样硬化性心脏病,骨髓穿刺,手术
512,心包积液,骨髓穿刺,手术
513,右室收缩功能正常,骨髓穿刺,手术
514,快速型房颤,骨髓穿刺,手术
515,血小板减少,骨髓穿刺,手术
516,贫血,骨髓穿刺,手术
517,缺铁性贫血,骨髓穿刺,手术
518,血小板减少性紫癜,骨髓穿刺,手术
519,血小板减少,骨髓穿刺,手术
520,慢性肾脏病（CKD3期）,骨髓穿刺,手术
521,急性肾损害,骨髓穿刺,手术
522,结肠癌,左半结肠切除术+淋巴结清扫术,手术
523,（左半结肠）中低分化腺癌,左半结肠切除术+淋巴结清扫术,手术
524,术后肠梗阻,左半结肠切除术+淋巴结清扫术,手术
525,结肠癌术后,左半结肠切除术+淋巴结清扫术,手术
526,（宫颈）中低分化鳞状细胞癌,经腹广泛性子宫+两附件切除术+盆腔淋巴结清扫术,手术
527,胃癌,腹腔镜辅助上根治性全胃切除术,手术
528,胃体小弯侧浸润型管状腺癌II-III级，部分为粘液腺癌和低粘附性癌,腹腔镜辅助上根治性全胃切除术,手术
529,胃癌术后,腹腔镜辅助上根治性全胃切除术,手术
530,胃癌,胃癌根治术,手术
531,肺部病灶,胃癌根治术,手术
532,左下肺肿物,胃癌根治术,手术
533,直肠腺癌,腹腔镜上直肠癌根治术（DIXON）+末端回肠造口术,手术
534,（直肠）溃疡型中分化管状腺癌,腹腔镜上直肠癌根治术（DIXON）+末端回肠造口术,手术
535,直肠癌术后,腹腔镜上直肠癌根治术（DIXON）+末端回肠造口术,手术
536,胃癌,根治性远端胃大部切除术,手术
537,胃癌,ROUX-Y吻合,手术
538,胃角溃疡型粘液腺癌，部分为印戒细胞癌,根治性远端胃大部切除术,手术
539,胃角溃疡型粘液腺癌，部分为印戒细胞癌,ROUX-Y吻合,手术
540,胃角溃疡型粘液腺癌（PT4AN2M0IIIB期）术后,根治性远端胃大部切除术,手术
541,胃角溃疡型粘液腺癌（PT4AN2M0IIIB期）术后,ROUX-Y吻合,手术
542,发热待查,根治性远端胃大部切除术,手术
543,发热待查,ROUX-Y吻合,手术
544,食管上段贲门CA,贲门癌根治术,手术
545,肝多发囊肿,贲门癌根治术,手术
546,贲门腺癌,贲门癌根治术,手术
547,贲门腺癌（中度分化），浸润溃疡型,贲门癌根治术,手术
548,贲门癌,贲门癌根治术,手术
549,胃体癌,腹腔镜辅助上根治性全胃切除术,手术
550,胃窦小弯侧溃疡型管状腺癌II级,腹腔镜辅助上根治性全胃切除术,手术
551,结肠癌并肺转移,姑息性左半结肠切除术,手术
552,左半结肠腺癌（中度分化），浸润溃疡型,姑息性左半结肠切除术,手术
553,结肠术后,姑息性左半结肠切除术,手术
554,直肠癌（浆膜上层），扁平隆起型，高分化腺癌，I级,经腹腔镜直肠癌DIXON术,手术
555,升结肠恶性肿瘤,根治性左半结肠切除术,手术
556,回盲部腺癌（中、低度分化）,根治性左半结肠切除术,手术
557,粘液腺癌,根治性左半结肠切除术,手术
558,升结肠恶性肿瘤术后,根治性左半结肠切除术,手术
559,乙状结肠肿瘤,腹腔镜上乙状结肠癌根治术,手术
560,乙状结肠粘液性腺癌（中分化）,腹腔镜上乙状结肠癌根治术,手术
561,乙状结肠癌术后,腹腔镜上乙状结肠癌根治术,手术
562,直肠癌,腹腔镜上探查+中转开腹姑息性直肠癌切除+乙状结肠造瘘术,手术
563,（直肠），：直肠溃疡型黏液腺癌,腹腔镜上探查+中转开腹姑息性直肠癌切除+乙状结肠造瘘术,手术
564,直肠癌术后,腹腔镜上探查+中转开腹姑息性直肠癌切除+乙状结肠造瘘术,手术
565,心房纤颤,冠脉搭桥手术及射频消融术,手术
566,四支血管病变,冠脉搭桥手术及射频消融术,手术
567,偶发房性早搏,冠脉搭桥手术及射频消融术,手术
568,室性早搏（两源）,冠脉搭桥手术及射频消融术,手术
569,加速的室性逸搏,冠脉搭桥手术及射频消融术,手术
570,右室舒张功能减退,冠脉搭桥手术及射频消融术,手术
571,直肠癌伴肝转移,腹腔镜上直肠姑息性切除术+末段回肠造瘘术,手术
572,大肠溃疡型管状腺癌II级,腹腔镜上直肠姑息性切除术+末段回肠造瘘术,手术
573,直肠癌术后,腹腔镜上直肠姑息性切除术+末段回肠造瘘术,手术
574,子宫内膜复杂性增生,全子宫切除术+两侧输卵管切除术+盆腔粘连松解术,手术
575,子宫内膜复杂性增生，部分腺体呈高级别下皮内瘤变，部分区域为高分化子宫内膜样腺癌,全子宫切除术+两侧输卵管切除术+盆腔粘连松解术,手术
576,慢性子宫颈炎,全子宫切除术+两侧输卵管切除术+盆腔粘连松解术,手术
577,子宫内膜病变术后,全子宫切除术+两侧输卵管切除术+盆腔粘连松解术,手术
578,结肠癌,右半结肠切15除术,手术
579,结肠腺癌（中度分化），溃疡型,右半结肠切15除术,手术
580,结肠腺管状腺瘤,右半结肠切15除术,手术
581,结肠癌术后,右半结肠切15除术,手术
582,直肠吻合口漏,剖腹探查+肠粘连松解术+回肠单腔造瘘术,手术
583,直肠吻合口漏,小肠造口还纳术,手术
584,小肠造漏术后,剖腹探查+肠粘连松解术+回肠单腔造瘘术,手术
585,小肠造漏术后,小肠造口还纳术,手术
586,胃癌,远端胃大部切除术（B-II式）,手术
587,胃窦小弯侧溃疡型低分化腺癌,远端胃大部切除术（B-II式）,手术
588,胃癌术后,远端胃大部切除术（B-II式）,手术
589,腹部CT,腹腔镜上右肝肿物切除术+胆囊切除术,手术
590,肝脏原发性中分化肝细胞-胆管细胞混合型癌,腹腔镜上右肝肿物切除术+胆囊切除术,手术
591,慢性胆囊炎,腹腔镜上右肝肿物切除术+胆囊切除术,手术
592,肝癌术后,腹腔镜上右肝肿物切除术+胆囊切除术,手术
593,直肠癌,根治性DIXON手术,手术
594,直肠癌,内镜上结肠息肉电切术,手术
595,（直肠）腺癌（中度分化）,根治性DIXON手术,手术
596,（直肠）腺癌（中度分化）,内镜上结肠息肉电切术,手术
597,胆总管结石,根治性DIXON手术,手术
598,胆总管结石,内镜上结肠息肉电切术,手术
599,直肠癌术后,根治性DIXON手术,手术
600,直肠癌术后,内镜上结肠息肉电切术,手术
601,结肠多发息肉,根治性DIXON手术,手术
602,结肠多发息肉,内镜上结肠息肉电切术,手术
603,小肠癌,小肠癌根治术,手术
604,溃疡型乳头状-管状腺癌II级,小肠癌根治术,手术
605,小肠管状腺癌（PT4AN0M0IIB期）术后,小肠癌根治术,手术
606,（胃窦）低分化腺癌,剖腹探查+胃癌根治（D2，R1）+放射性粒子植入术,手术
607,（胃窦）溃疡型低分化腺癌,剖腹探查+胃癌根治（D2，R1）+放射性粒子植入术,手术
608,直肠癌,腹腔镜上直肠癌根治术+预防性回肠造瘘,手术
609,大肠溃疡型管状腺癌II级,腹腔镜上直肠癌根治术+预防性回肠造瘘,手术
610,大肠管状腺瘤,腹腔镜上直肠癌根治术+预防性回肠造瘘,手术
611,直肠癌术后，回肠造瘘术后,腹腔镜上直肠癌根治术+预防性回肠造瘘,手术
612,残胃异时性原发癌,胃癌根治术（全胃切除+区域淋巴结清扫+ROUX-EN-Y消化道重建术）,手术
613,（印戒细胞癌），分期T4、N３、M０,胃癌根治术（全胃切除+区域淋巴结清扫+ROUX-EN-Y消化道重建术）,手术
614,胃贲门小弯侧腺癌（中度分化），浸润溃疡型,贲门癌根治术,手术
615,胃底贲门癌术后,贲门癌根治术,手术
616,胃癌术后,胃癌根治术,手术
617,肾积水,胃癌根治术,手术
618,低分化腺癌,胃癌根治术,手术
619,胃小弯弥漫浸润性低分化腺癌,胃癌根治术,手术
620,左肾积水,胃癌根治术,手术
621,结肠息肉,腹腔镜上乙状结肠病损切除术,手术
622,结肠息肉,左肝转移灶射频消融术,手术
623,降结肠肿瘤,腹腔镜上乙状结肠病损切除术,手术
624,降结肠肿瘤,左肝转移灶射频消融术,手术
625,肠溃疡型管状腺癌II级,腹腔镜上乙状结肠病损切除术,手术
626,肠溃疡型管状腺癌II级,左肝转移灶射频消融术,手术
627,结肠癌肝转移术后,腹腔镜上乙状结肠病损切除术,手术
628,结肠癌肝转移术后,左肝转移灶射频消融术,手术
629,结肠息肉,电凝切除,手术
630,宫颈鳞癌,广泛全子宫两附件切除术+盆腔淋巴结清扫术+阔韧带肌瘤剥除术+阴道顶悬吊术,手术
631,宫颈鳞癌,两侧输卵管结扎术,手术
632,宫颈内生浸润性鳞状细胞癌II级,广泛全子宫两附件切除术+盆腔淋巴结清扫术+阔韧带肌瘤剥除术+阴道顶悬吊术,手术
633,宫颈内生浸润性鳞状细胞癌II级,两侧输卵管结扎术,手术
634,子宫肌间多发性平滑肌瘤,广泛全子宫两附件切除术+盆腔淋巴结清扫术+阔韧带肌瘤剥除术+阴道顶悬吊术,手术
635,子宫肌间多发性平滑肌瘤,两侧输卵管结扎术,手术
636,宫颈鳞癌术后,广泛全子宫两附件切除术+盆腔淋巴结清扫术+阔韧带肌瘤剥除术+阴道顶悬吊术,手术
637,宫颈鳞癌术后,两侧输卵管结扎术,手术
638,膀胱占位病变,经尿道膀胱肿瘤电切术,手术
639,膀胱占位病变,根治性膀胱切除术,手术
640,膀胱癌,经尿道膀胱肿瘤电切术,手术
641,膀胱癌,根治性膀胱切除术,手术
642,浸润性高级别尿路下皮癌,经尿道膀胱肿瘤电切术,手术
643,浸润性高级别尿路下皮癌,根治性膀胱切除术,手术
644,根治性膀胱切除术+回肠原位新膀胱术,经尿道膀胱肿瘤电切术,手术
645,根治性膀胱切除术+回肠原位新膀胱术,根治性膀胱切除术,手术
646,结肠脾曲癌,腹腔镜辅助右半结肠根治性切除术、胃部分切除术,手术
647,（右半结肠+部分胃壁），：结肠溃疡型中分化腺癌,腹腔镜辅助右半结肠根治性切除术、胃部分切除术,手术
648,筛状粉刺型腺癌,腹腔镜辅助右半结肠根治性切除术、胃部分切除术,手术
649,中度慢性浅表性胃炎,腹腔镜辅助右半结肠根治性切除术、胃部分切除术,手术
650,结肠癌术后,腹腔镜辅助右半结肠根治性切除术、胃部分切除术,手术
651,胃窦癌,腹腔镜上根治性远端胃大部切除术,手术
652,慢性萎缩性胃炎,腹腔镜上根治性远端胃大部切除术,手术
653,胃管状腺癌II-III级,腹腔镜上根治性远端胃大部切除术,手术
654,胃肿瘤,腹腔镜上根治性远端胃大部切除术,手术
655,骨髓抑制,腹腔镜上根治性远端胃大部切除术,手术
656,胃体及胃窦小弯侧早期隆起型（0-I型）低黏附性癌，印戒细胞癌为主，部分为低分化腺癌及未分化癌,腹腔镜上根治性远端胃大部切除术,手术
657,胃窦术后化疗,腹腔镜上根治性远端胃大部切除术,手术
658,结肠癌,左半结肠切除术,手术
659,结肠多发息肉,左半结肠切除术,手术
660,结肠腺癌（中-低度分化），浸润溃疡型,左半结肠切除术,手术
661,慢性阑尾炎,左半结肠切除术,手术
662,结肠癌术后,左半结肠切除术,手术
663,胃癌,腹腔镜辅助远端胃癌根治术,手术
664,胃窦癌,腹腔镜辅助上根治性远端胃大部切除+残胃空肠ROUX-Y吻合术（D2）+阑尾切除术,手术
665,（远端胃），：胃窦小弯侧溃疡型管状腺癌II-III级,腹腔镜辅助上根治性远端胃大部切除+残胃空肠ROUX-Y吻合术（D2）+阑尾切除术,手术
666,肝样腺癌,腹腔镜辅助上根治性远端胃大部切除+残胃空肠ROUX-Y吻合术（D2）+阑尾切除术,手术
667,急性单纯性阑尾炎,腹腔镜辅助上根治性远端胃大部切除+残胃空肠ROUX-Y吻合术（D2）+阑尾切除术,手术
668,胃癌术后,腹腔镜辅助上根治性远端胃大部切除+残胃空肠ROUX-Y吻合术（D2）+阑尾切除术,手术
669,胃窦癌,胃癌根治术（远端胃大切）,手术
670,中-低分化腺癌，LAUREN,胃癌根治术（远端胃大切）,手术
671,胃癌综合治疗后,胃癌根治术（远端胃大切）,手术
672,回盲部癌,腹腔镜上左半结肠切除术,手术
673,肠浸润性管状腺癌II级,腹腔镜上左半结肠切除术,手术
674,慢性阑尾炎,腹腔镜上左半结肠切除术,手术
675,回盲部癌术后,腹腔镜上左半结肠切除术,手术
676,（右）乳腺浸润性导管癌，II级,右乳癌根治术,手术
677,慢性胃炎,右乳癌根治术,手术
678,食管癌,胸腹腔镜联合翻身三切口全胸段食管切除+食管-胃底右颈吻合+空肠造瘘术,手术
679,（食管及胃底），：食管隆起型鳞状细胞癌II级,胸腹腔镜联合翻身三切口全胸段食管切除+食管-胃底右颈吻合+空肠造瘘术,手术
680,食管上段鳞癌术后,胸腹腔镜联合翻身三切口全胸段食管切除+食管-胃底右颈吻合+空肠造瘘术,手术
681,中至低分化腺癌，LAUREN,胃癌根治术(全胃）,手术
682,腺癌,DIXON术,手术
683,大肠多发息肉,DIXON术,手术
684,结肠中分化腺癌,DIXON术,手术
685,腺癌,DIXON术,手术
686,升结肠恶性肿瘤,根治性左半结肠切除术+胆总管探查术,手术
687,肝内外胆管结石,根治性左半结肠切除术+胆总管探查术,手术
688,左半结肠溃疡型中分化管状乳头状腺癌,根治性左半结肠切除术+胆总管探查术,手术
689,升结肠肿瘤根治术后,根治性左半结肠切除术+胆总管探查术,手术
690,前降支狭窄20-50%,支架植入术,手术
691,回旋支狭窄80%,支架植入术,手术
692,冠心病,支架植入术,手术
693,两侧基底节区腔隙性脑梗死,支架植入术,手术
694,脑白质脱髓鞘改变,支架植入术,手术
695,脑萎缩,支架植入术,手术
696,炎性肉芽肿,支架植入术,手术
697,主动脉壁及冠状动脉壁钙化,支架植入术,手术
698,胸椎骨质增生,支架植入术,手术
699,（左半结肠）结肠隆起型高中分化腺癌,左半结肠切除术,手术
700,粘液腺癌,左半结肠切除术,手术
701,结肠癌术后,左半结肠切除术,手术
702,胃底贲门恶性肿瘤,剖腹探查、根治性全胃切除术、食管-空肠ROUX-EN-Y吻合术,手术
703,（胃）中分化腺癌,剖腹探查、根治性全胃切除术、食管-空肠ROUX-EN-Y吻合术,手术
704,直肠癌,腹腔镜上直肠根治性切除术+预防性回肠造瘘术,手术
705,（直肠），：肠隆起型中分化管状腺癌,腹腔镜上直肠根治性切除术+预防性回肠造瘘术,手术
706,直肠癌术后,腹腔镜上直肠根治性切除术+预防性回肠造瘘术,手术
707,乙状结肠癌,腹腔镜辅助上乙状结肠癌根治术,手术
708,(乙状)结肠蕈伞型管状腺癌II级,腹腔镜辅助上乙状结肠癌根治术,手术
709,乙状结肠癌术后伴肝、骨、肺多发转移,腹腔镜辅助上乙状结肠癌根治术,手术
710,直肠癌,腹腔镜直肠癌根治术（DIXON术）,手术
711,（直肠）粘液腺癌伴印戒细胞癌成分（40%）,腹腔镜直肠癌根治术（DIXON术）,手术
712,直肠癌术后,腹腔镜直肠癌根治术（DIXON术）,手术
713,卵巢癌,经腹筋膜外子宫+两附件切除+大网膜切除+阑尾切除+盆腔转移病灶清除+肿瘤细胞减灭术,手术
714,（两侧附件）高级别浆液性乳头状癌,经腹筋膜外子宫+两附件切除+大网膜切除+阑尾切除+盆腔转移病灶清除+肿瘤细胞减灭术,手术
715,慢性宫颈炎,经腹筋膜外子宫+两附件切除+大网膜切除+阑尾切除+盆腔转移病灶清除+肿瘤细胞减灭术,手术
716,乙状结肠粘液腺癌,姑息性乙状结肠部分切除术,手术
717,结肠术后,姑息性乙状结肠部分切除术,手术
718,乙状结肠高分化腺癌,乙状结肠癌手术,手术
719,中分化腺癌,乙状结肠癌手术,手术
720,直肠癌,腹腔镜上直肠癌根治术,手术
721,肠溃疡型管状腺癌II级,腹腔镜上直肠癌根治术,手术
722,直肠癌术后,腹腔镜上直肠癌根治术,手术
723,高血压肾病,右前臂动静脉内瘘吻合术,手术
724,尿毒症,右前臂动静脉内瘘吻合术,手术
725,肾性贫血,右前臂动静脉内瘘吻合术,手术
726,高血压肾病,右前臂动静脉内瘘吻合术,手术
727,消化道出血,右前臂动静脉内瘘吻合术,手术
728,高血压心脏病,右前臂动静脉内瘘吻合术,手术
729,心功能不全,右前臂动静脉内瘘吻合术,手术
730,营养不良,右前臂动静脉内瘘吻合术,手术
731,慢性肾脏病5期,右前臂动静脉内瘘吻合术,手术
732,肾性贫血,右前臂动静脉内瘘吻合术,手术
733,消化道出血,右前臂动静脉内瘘吻合术,手术
734,高血压3级很高危,右前臂动静脉内瘘吻合术,手术
735,高血压心脏病,右前臂动静脉内瘘吻合术,手术
736,尿路感染,右前臂动静脉内瘘吻合术,手术
737,低蛋白血症,右前臂动静脉内瘘吻合术,手术
738,慢性肾脏病5期,右前臂动静脉内瘘吻合术,手术
739,肺炎,右前臂动静脉内瘘吻合术,手术
740,左肺下叶病变,胆囊摘除术,手术
741,左肺下叶病变,气管切开,手术
742,左肺下叶病变,气管切开,手术
743,左肺下叶病变,气管切开,手术
744,两肺炎症伴纤维灶,胆囊摘除术,手术
745,两肺炎症伴纤维灶,气管切开,手术
746,两肺炎症伴纤维灶,气管切开,手术
747,两肺炎症伴纤维灶,气管切开,手术
748,两肺上叶钙化灶,胆囊摘除术,手术
749,两肺上叶钙化灶,气管切开,手术
750,两肺上叶钙化灶,气管切开,手术
751,两肺上叶钙化灶,气管切开,手术
752,肺气肿,胆囊摘除术,手术
753,肺气肿,气管切开,手术
754,肺气肿,气管切开,手术
755,肺气肿,气管切开,手术
756,心包积液、两侧胸腔积液,胆囊摘除术,手术
757,心包积液、两侧胸腔积液,气管切开,手术
758,心包积液、两侧胸腔积液,气管切开,手术
759,心包积液、两侧胸腔积液,气管切开,手术
760,晕厥原因待查,胆囊摘除术,手术
761,晕厥原因待查,气管切开,手术
762,晕厥原因待查,气管切开,手术
763,晕厥原因待查,气管切开,手术
764,左侧大脑半球多发急性梗塞灶,胆囊摘除术,手术
765,左侧大脑半球多发急性梗塞灶,气管切开,手术
766,左侧大脑半球多发急性梗塞灶,气管切开,手术
767,左侧大脑半球多发急性梗塞灶,气管切开,手术
768,急性脑梗死,胆囊摘除术,手术
769,急性脑梗死,气管切开,手术
770,急性脑梗死,气管切开,手术
771,急性脑梗死,气管切开,手术
772,高血压病（2级 很高危）,胆囊摘除术,手术
773,高血压病（2级 很高危）,气管切开,手术
774,高血压病（2级 很高危）,气管切开,手术
775,高血压病（2级 很高危）,气管切开,手术
776,冠状动脉粥样硬化性心脏病,胆囊摘除术,手术
777,冠状动脉粥样硬化性心脏病,气管切开,手术
778,冠状动脉粥样硬化性心脏病,气管切开,手术
779,冠状动脉粥样硬化性心脏病,气管切开,手术
780,心房颤动,胆囊摘除术,手术
781,心房颤动,气管切开,手术
782,心房颤动,气管切开,手术
783,心房颤动,气管切开,手术
784,肺炎,胆囊摘除术,手术
785,肺炎,气管切开,手术
786,肺炎,气管切开,手术
787,肺炎,气管切开,手术
788,两侧胸腔积液,胆囊摘除术,手术
789,两侧胸腔积液,气管切开,手术
790,两侧胸腔积液,气管切开,手术
791,两侧胸腔积液,气管切开,手术
792,心包积液,胆囊摘除术,手术
793,心包积液,气管切开,手术
794,心包积液,气管切开,手术
795,心包积液,气管切开,手术
796,慢性肾功能不全,胆囊摘除术,手术
797,慢性肾功能不全,气管切开,手术
798,慢性肾功能不全,气管切开,手术
799,慢性肾功能不全,气管切开,手术
800,胃CA术后,胆囊摘除术,手术
801,胃CA术后,气管切开,手术
802,胃CA术后,气管切开,手术
803,胃CA术后,气管切开,手术
804,直肠CA术后,胆囊摘除术,手术
805,直肠CA术后,气管切开,手术
806,直肠CA术后,气管切开,手术
807,直肠CA术后,气管切开,手术
808,呼吸衰竭,胆囊摘除术,手术
809,呼吸衰竭,气管切开,手术
810,呼吸衰竭,气管切开,手术
811,呼吸衰竭,气管切开,手术
812,脑梗死,胆囊摘除术,手术
813,脑梗死,气管切开,手术
814,脑梗死,气管切开,手术
815,脑梗死,气管切开,手术
816,冠状动脉粥样硬化性心脏病,胆囊摘除术,手术
817,冠状动脉粥样硬化性心脏病,气管切开,手术
818,冠状动脉粥样硬化性心脏病,气管切开,手术
819,冠状动脉粥样硬化性心脏病,气管切开,手术
820,心房颤动,胆囊摘除术,手术
821,心房颤动,气管切开,手术
822,心房颤动,气管切开,手术
823,心房颤动,气管切开,手术
824,肺部感染,胆囊摘除术,手术
825,肺部感染,气管切开,手术
826,肺部感染,气管切开,手术
827,肺部感染,气管切开,手术
828,直肠癌,腹腔镜上直肠癌根治术,手术
829,（直肠）印戒细胞癌,腹腔镜上直肠癌根治术,手术
830,直肠癌术后,腹腔镜上直肠癌根治术,手术
831,肝癌,特殊肝段切除术（V、VI、VIII段）+胆囊切除术,手术
832,肝左叶巨块型MT,特殊肝段切除术（V、VI、VIII段）+胆囊切除术,手术
833,肝细胞肝癌，III级,特殊肝段切除术（V、VI、VIII段）+胆囊切除术,手术
834,（胆囊）慢性炎,特殊肝段切除术（V、VI、VIII段）+胆囊切除术,手术
835,肝MT术后,特殊肝段切除术（V、VI、VIII段）+胆囊切除术,手术
836,肝脏囊肿,特殊肝段切除术（V、VI、VIII段）+胆囊切除术,手术
837,胃间质瘤,腹腔镜辅助上胃体间质瘤楔形切除术,手术
838,胃间质瘤,腹腔镜辅助上胃体间质瘤楔形切除术,手术
839,胃间质瘤术后,腹腔镜辅助上胃体间质瘤楔形切除术,手术
840,胃低粘附性癌,胃癌根治术,手术
841,胃低粘附性癌,远端胃切除术,手术
842,低分化腺癌,胃癌根治术,手术
843,低分化腺癌,远端胃切除术,手术
844,宫颈癌,腹腔镜上盆腔淋巴结清扫+腹主动脉旁淋巴结取样+广泛子宫+两侧输卵管切除术+左侧卵巢切除+右侧卵巢悬吊术,手术
845,宫颈腺癌,腹腔镜上盆腔淋巴结清扫+腹主动脉旁淋巴结取样+广泛子宫+两侧输卵管切除术+左侧卵巢切除+右侧卵巢悬吊术,手术
846,中肾管癌,腹腔镜上盆腔淋巴结清扫+腹主动脉旁淋巴结取样+广泛子宫+两侧输卵管切除术+左侧卵巢切除+右侧卵巢悬吊术,手术
847,宫颈癌术后,腹腔镜上盆腔淋巴结清扫+腹主动脉旁淋巴结取样+广泛子宫+两侧输卵管切除术+左侧卵巢切除+右侧卵巢悬吊术,手术
848,乳头状粘连性肿瘤伴下皮重度不典型增生,胰十二指肠切除、联合胰腺体颈部切除、胃造瘘、空肠造瘘术,手术
849,乳头状粘连性肿瘤伴下皮重度不典型增生,B超引导上腹腔穿刺置管引流,手术
850,腹腔积液,胰十二指肠切除、联合胰腺体颈部切除、胃造瘘、空肠造瘘术,手术
851,腹腔积液,B超引导上腹腔穿刺置管引流,手术
852,胰十二指肠切除术后,胰十二指肠切除、联合胰腺体颈部切除、胃造瘘、空肠造瘘术,手术
853,胰十二指肠切除术后,B超引导上腹腔穿刺置管引流,手术
854,室下性心动过速,气管插管,手术
855,室下性心动过速,气管插管,手术
856,右侧基底节区脑梗死,气管插管,手术
857,右侧基底节区脑梗死,气管插管,手术
858,左侧基底节腔隙性脑梗死,气管插管,手术
859,左侧基底节腔隙性脑梗死,气管插管,手术
860,脑白质脱髓鞘改变,气管插管,手术
861,脑白质脱髓鞘改变,气管插管,手术
862,脑萎缩,气管插管,手术
863,脑萎缩,气管插管,手术
864,两肺感染性病变,气管插管,手术
865,两肺感染性病变,气管插管,手术
866,胸腔积液,气管插管,手术
867,胸腔积液,气管插管,手术
868,主动脉及冠状动脉壁钙化,气管插管,手术
869,主动脉及冠状动脉壁钙化,气管插管,手术
870,胸椎骨质增生,气管插管,手术
871,胸椎骨质增生,气管插管,手术
872,结肠息肉,直肠息肉电切,手术
873,全结肠切除术+远端直肠息肉电切术,直肠息肉电切,手术
874,结肠多发绒毛状管状腺瘤,直肠息肉电切,手术
875,慢性阑尾炎,直肠息肉电切,手术
876,结肠全切除术后,直肠息肉电切,手术
877,肠息肉,直肠息肉电切,手术
878,食管下段癌,胸腹腔镜联合全胸段食管切除+食管-胃底右颈部吻合术,手术
879,食管髓质型高分化鳞状细胞癌,胸腹腔镜联合全胸段食管切除+食管-胃底右颈部吻合术,手术
880,食管癌（T3N2M0IIIB期）,胸腹腔镜联合全胸段食管切除+食管-胃底右颈部吻合术,手术
881,贲门-胃体癌,腹腔镜辅助上根治性全胃切除（D2）+食管空肠ROUX-EN-Y吻合术,手术
882,食管胃交界溃疡型管状腺癌III级，伴神经内分泌分化,腹腔镜辅助上根治性全胃切除（D2）+食管空肠ROUX-EN-Y吻合术,手术
883,胃癌术后,腹腔镜辅助上根治性全胃切除（D2）+食管空肠ROUX-EN-Y吻合术,手术
884,胃癌,腹腔镜辅助上姑息性全胃切除术（D2）,手术
885,(全胃)胃-食管交界溃疡型腺神经内分泌癌（G3）,腹腔镜辅助上姑息性全胃切除术（D2）,手术
886,胃癌术后,腹腔镜辅助上姑息性全胃切除术（D2）,手术
887,直肠癌,腹腔镜上直肠根治术（DIXON手术）中转开腹+膀胱病损修补术,手术
888,肠梗阻,腹腔镜上直肠根治术（DIXON手术）中转开腹+膀胱病损修补术,手术
889,肠外生型管状腺癌II级,腹腔镜上直肠根治术（DIXON手术）中转开腹+膀胱病损修补术,手术
890,直肠癌术后,腹腔镜上直肠根治术（DIXON手术）中转开腹+膀胱病损修补术,手术
891,胆囊泥沙样结石,胆囊切除、胆总管探查取石、T管引流术,手术
892,胆总管末端可疑结石,胆囊切除、胆总管探查取石、T管引流术,手术
893,急性单纯性胆囊炎,胆囊切除、胆总管探查取石、T管引流术,手术
894,胆石症术后,胆囊切除、胆总管探查取石、T管引流术,手术
895,直肠癌,腔镜上直肠根治术（DIXON手术,手术
896,肠梗阻,腔镜上直肠根治术（DIXON手术,手术
897,（直肠）大肠溃疡型管状腺癌II级,腔镜上直肠根治术（DIXON手术,手术
898,直肠癌术后,腔镜上直肠根治术（DIXON手术,手术
899,壶腹部鳞状细胞癌（低度分化）,胰十二指肠切除术,手术
900,壶腹部鳞状细胞癌（低度分化）,肝囊肿开窗引流,手术
901,壶腹部鳞状细胞癌（低度分化）,肝活检术,手术
902,壶腹部鳞状细胞癌（低度分化）,肝活检,手术
903,慢性胆囊炎,胰十二指肠切除术,手术
904,慢性胆囊炎,肝囊肿开窗引流,手术
905,慢性胆囊炎,肝活检术,手术
906,慢性胆囊炎,肝活检,手术
907,肝囊肿,胰十二指肠切除术,手术
908,肝囊肿,肝囊肿开窗引流,手术
909,肝囊肿,肝活检术,手术
910,肝囊肿,肝活检,手术
911,胰十二指肠术后,胰十二指肠切除术,手术
912,胰十二指肠术后,肝囊肿开窗引流,手术
913,胰十二指肠术后,肝活检术,手术
914,胰十二指肠术后,肝活检,手术
915,结肠癌,左半结肠切除术,手术
916,结肠腺癌（中低度分化）,左半结肠切除术,手术
917,左半结肠切除术后,左半结肠切除术,手术
918,（胃）低分化腺癌，弥漫浸润型,全胃切除术+淋巴结清扫术,手术
919,胃癌术后,全胃切除术+淋巴结清扫术,手术
920,中央型前置胎盘,子宫动脉造影术及子宫动脉栓塞术及利凡诺羊膜腔穿刺引产术,手术
921,中央型前置胎盘,清宫术,手术
922,胎盘组织局灶玻变，大量炎细胞浸润,子宫动脉造影术及子宫动脉栓塞术及利凡诺羊膜腔穿刺引产术,手术
923,胎盘组织局灶玻变，大量炎细胞浸润,清宫术,手术
924,肠套叠,腹腔镜探查、左半结肠切除术,手术
925,淋巴瘤,腹腔镜探查、左半结肠切除术,手术
926,左上腹回-回肠套叠,腹腔镜探查、左半结肠切除术,手术
927,小肠淋巴瘤,腹腔镜探查、左半结肠切除术,手术
928,淋巴瘤,腹腔镜探查、左半结肠切除术,手术
929,套细胞淋巴瘤,腹腔镜探查、左半结肠切除术,手术
930,淋巴瘤,腹腔镜探查、左半结肠切除术,手术
931,淋巴瘤,腹腔镜探查、左半结肠切除术,手术
932,套细胞淋巴瘤,腹腔镜探查、左半结肠切除术,手术
933,胃体癌,腹腔镜上根治性全胃切除术,手术
934,胃体小弯溃疡型低分化腺癌,腹腔镜上根治性全胃切除术,手术
935,胃癌术后,腹腔镜上根治性全胃切除术,手术
936,胃癌,腹腔镜上根治性远端胃大部切除术,手术
937,胃窦小弯侧溃疡型管状腺癌II-III级,腹腔镜上根治性远端胃大部切除术,手术
938,胃癌术后,腹腔镜上根治性远端胃大部切除术,手术
939,(左半结肠)大肠回盲部结外粘膜相关淋巴组织边缘区B细胞淋巴瘤(MALT),左半结肠切除术,手术
940,回盲部淋巴瘤术后,左半结肠切除术,手术
941,卵巢癌,全麻上行盆腔粘连松解+阔韧带肿物切除术+全子宫切除术,手术
942,卵巢子宫内膜样腺癌I级,全麻上行盆腔粘连松解+阔韧带肿物切除术+全子宫切除术,手术
943,II度骨髓抑制,全麻上行盆腔粘连松解+阔韧带肿物切除术+全子宫切除术,手术
944,II度骨髓抑制,全麻上行盆腔粘连松解+阔韧带肿物切除术+全子宫切除术,手术
945,卵巢子宫内膜样腺癌(II期，I级)术后,全麻上行盆腔粘连松解+阔韧带肿物切除术+全子宫切除术,手术
946,胃癌,根治性全胃切除术（食管空肠ROUX-Y吻合、D2+、R0),手术
947,胃体－胃窦溃疡型管状腺癌II级,根治性全胃切除术（食管空肠ROUX-Y吻合、D2+、R0),手术
948,胃癌术后,根治性全胃切除术（食管空肠ROUX-Y吻合、D2+、R0),手术
949,结肠溃疡型中分化管状腺癌,剖腹探查+肠减压+根治性左半结肠切除术,手术
950,直肠癌,腹腔镜直肠癌根治术,手术
951,（直肠）腺癌（中度分化），浸润溃疡型,腹腔镜直肠癌根治术,手术
952,低级别腺管状腺瘤,腹腔镜直肠癌根治术,手术
953,直肠癌术后,腹腔镜直肠癌根治术,手术
954,卵巢CA,剖腹探查+全子宫两附件切除+大网膜切除+阑尾切除+放射性粒子置入术,手术
955,卵巢CA,阑尾切除术,手术
956,糖尿病,剖腹探查+全子宫两附件切除+大网膜切除+阑尾切除+放射性粒子置入术,手术
957,糖尿病,阑尾切除术,手术
958,（右附件）卵巢浆液性乳头状囊腺癌,剖腹探查+全子宫两附件切除+大网膜切除+阑尾切除+放射性粒子置入术,手术
959,（右附件）卵巢浆液性乳头状囊腺癌,阑尾切除术,手术
960,浆液性乳头状囊腺癌,剖腹探查+全子宫两附件切除+大网膜切除+阑尾切除+放射性粒子置入术,手术
961,浆液性乳头状囊腺癌,阑尾切除术,手术
962,肝母细胞瘤,肝肿瘤切除+胆囊切除术,手术
963,肝母细胞瘤，下皮型（胎儿及胚胎型）,肝肿瘤切除+胆囊切除术,手术
964,肝母细胞瘤I期,肝肿瘤切除+胆囊切除术,手术
965,肝母-SCMC-2011,肝肿瘤切除+胆囊切除术,手术
966,肝母（SCMC-2011）,肝肿瘤切除+胆囊切除术,手术
967,肝母细胞瘤,肝肿瘤切除+胆囊切除术,手术
968,肝母细胞瘤，下皮型（胎儿及胚胎型）,肝肿瘤切除+胆囊切除术,手术
969,肝母细胞瘤术后,肝肿瘤切除+胆囊切除术,手术
970,高分化腺癌,腹腔镜上DIXON术,手术
971,肠中分化腺癌,腹腔镜上DIXON术,手术
972,胃窦小弯侧溃疡型中-低分化腺癌,根治性远端胃大部切除,手术
973,卵巢癌,剖腹探查+卵巢癌细胞减灭术（全子宫、两侧附件、大网膜、阑尾、盆腔转移灶、直肠转移灶切除+盆腔淋巴结清扫术）,手术
974,左卵巢浆液性乳头状腺癌,剖腹探查+卵巢癌细胞减灭术（全子宫、两侧附件、大网膜、阑尾、盆腔转移灶、直肠转移灶切除+盆腔淋巴结清扫术）,手术
975,卵巢浆液性乳头状腺癌IIIC期术后,剖腹探查+卵巢癌细胞减灭术（全子宫、两侧附件、大网膜、阑尾、盆腔转移灶、直肠转移灶切除+盆腔淋巴结清扫术）,手术
976,左肝原发性肝癌,左半肝切除术+胆囊切除术,手术
977,左半肝肝脏原发性巨块型中分化肝癌,左半肝切除术+胆囊切除术,手术
978,肝癌术后,左半肝切除术+胆囊切除术,手术
979,中-低分化腺癌，部分为印戒细胞癌，LAUREN，分型：混合型,腹腔镜辅助胃癌根治术,手术
980,中-低分化腺癌，部分为印戒细胞癌，LAUREN，分型：混合型,远端胃切除,手术
981,中-低分化腺癌，部分为印戒细胞癌，LAUREN，分型：混合型,B-II重建,手术
982,中-低分化腺癌，部分为印戒细胞癌，LAUREN，分型：混合型,空肠空肠Ｂｒａｕｎ吻合,手术
983,（食管及胃底）食管多中心性蕈伞型鳞状细胞癌II级,胸腹腔镜联合全胸段食管切除+食管-胃底右颈部吻合+右甲状腺结节切除术,手术
984,食管癌术后,胸腹腔镜联合全胸段食管切除+食管-胃底右颈部吻合+右甲状腺结节切除术,手术
985,浸润性低分化鳞状细胞癌,III型全子宫及及两附件两附件切除及盆腔淋巴结清扫术及腹主动脉旁淋巴结活检术,手术
986,宫颈鳞癌IIB期,III型全子宫及及两附件两附件切除及盆腔淋巴结清扫术及腹主动脉旁淋巴结活检术,手术
987,低分化癌,III型全子宫及及两附件两附件切除及盆腔淋巴结清扫术及腹主动脉旁淋巴结活检术,手术
988,腺鳞癌,III型全子宫及及两附件两附件切除及盆腔淋巴结清扫术及腹主动脉旁淋巴结活检术,手术
989,胆石症,胆囊穿刺造瘘术,手术
990,急性胆囊炎,胆囊穿刺造瘘术,手术
991,胆总管上段多发结石,胆囊穿刺造瘘术,手术
992,肝内外胆管扩张,胆囊穿刺造瘘术,手术
993,急性胆囊炎,胆囊穿刺造瘘术,手术
994,胆囊多发结石,胆囊穿刺造瘘术,手术
995,胆石症PTCD术后,胆囊穿刺造瘘术,手术
996,食管浅溃疡,十二指肠球部息肉消融术,手术
997,浅表性胃窦炎伴糜烂,十二指肠球部息肉消融术,手术
998,十二指肠球部多发息肉,十二指肠球部息肉消融术,手术
999,十二指肠球部息肉伴柱状下皮化生,十二指肠球部息肉消融术,手术
1000,慢性非萎缩性胃炎,十二指肠球部息肉消融术,手术
1001,十二指肠球部息肉,十二指肠球部息肉消融术,手术
1002,直肠癌,腹腔镜上直肠癌根治术,手术
1003,大肠隆起型管状-绒毛状腺癌II级,腹腔镜上直肠癌根治术,手术
1004,直肠管状-绒毛状腺癌术后,腹腔镜上直肠癌根治术,手术
1005,直肠癌,腹腔镜上直肠部分切除术,手术
1006,肠隆起型管状腺癌II级,腹腔镜上直肠部分切除术,手术
1007,直肠癌术后,腹腔镜上直肠部分切除术,手术
1008,溃疡性腺癌,乙状结肠癌根治术,手术
1009,胃窦低分化腺癌,胃癌根治术,手术
1010,胃窦低分化腺癌,毕-II式吻合,手术
1011,胃癌术后,胃癌根治术,手术
1012,胃癌术后,毕-II式吻合,手术
1013,腹水原因待查,经腹腹膜外子宫切除+两附件切除+全盆腹膜切除+盆腔淋巴结清扫+腹主动脉旁淋巴结清扫+阑尾切除术,手术
1014,（两侧卵巢）高级别浆液性乳头状癌,经腹腹膜外子宫切除+两附件切除+全盆腹膜切除+盆腔淋巴结清扫+腹主动脉旁淋巴结清扫+阑尾切除术,手术
1015,腹膜外肿瘤,经腹腹膜外子宫切除+两附件切除+全盆腹膜切除+盆腔淋巴结清扫+腹主动脉旁淋巴结清扫+阑尾切除术,手术
1016,卵巢癌术后,经腹腹膜外子宫切除+两附件切除+全盆腹膜切除+盆腔淋巴结清扫+腹主动脉旁淋巴结清扫+阑尾切除术,手术
1017,卵巢癌术后,经腹腹膜外子宫切除+两附件切除+全盆腹膜切除+盆腔淋巴结清扫+腹主动脉旁淋巴结清扫+阑尾切除术,手术
1018,子宫内膜癌,腹腔镜上广泛切除术+两附件切除术+盆腔LN及腹主动脉旁淋巴结清扫术,手术
1019,子宫内膜样腺鳞癌II级伴鳞状生化,腹腔镜上广泛切除术+两附件切除术+盆腔LN及腹主动脉旁淋巴结清扫术,手术
1020,直肠癌,腹腔镜上直肠癌根治术,手术
1021,（直肠）溃疡型中分化管状乳头状腺癌,腹腔镜上直肠癌根治术,手术
1022,直肠癌术后,腹腔镜上直肠癌根治术,手术
1023,子宫肌瘤,全子宫切除术+右侧附件切除术,手术
1024,子宫内膜样腺癌（中-低分化）,全子宫切除术+右侧附件切除术,手术
1025,子宫内膜癌,全子宫切除术+右侧附件切除术,手术
1026,（食管胃交界腺癌化疗后）食管及胃交界部低分化腺癌,经腹食管胃交界腺癌根治术,手术
1027,乙状结肠癌,乙状结肠癌根治术,手术
1028,乙状结肠癌,乙状结肠癌根治术,手术
1029,乙状结肠癌,乙状结肠癌根治术,手术
1030,乙状结肠癌,乙状结肠癌根治术,手术
1031,肠溃疡型管状腺癌II级,乙状结肠癌根治术,手术
1032,肠溃疡型管状腺癌II级,乙状结肠癌根治术,手术
1033,乙状结肠癌术后,乙状结肠癌根治术,手术
1034,乙状结肠癌术后,乙状结肠癌根治术,手术
1035,直肠癌,直肠癌切除术,手术
1036,直肠癌,直肠癌根治术,手术
1037,直肠癌,脓肿切开引流术,手术
1038,直肠癌,回肠末端（穿孔部分）切除端侧吻合术,手术
1039,直肠中-高分化腺癌,直肠癌切除术,手术
1040,直肠中-高分化腺癌,直肠癌根治术,手术
1041,直肠中-高分化腺癌,脓肿切开引流术,手术
1042,直肠中-高分化腺癌,回肠末端（穿孔部分）切除端侧吻合术,手术
1043,直肠高分化腺癌,直肠癌切除术,手术
1044,直肠高分化腺癌,直肠癌根治术,手术
1045,直肠高分化腺癌,脓肿切开引流术,手术
1046,直肠高分化腺癌,回肠末端（穿孔部分）切除端侧吻合术,手术
1047,肠穿孔,直肠癌切除术,手术
1048,肠穿孔,直肠癌根治术,手术
1049,肠穿孔,脓肿切开引流术,手术
1050,肠穿孔,回肠末端（穿孔部分）切除端侧吻合术,手术
1051,肝S4、8转移瘤,直肠癌切除术,手术
1052,肝S4、8转移瘤,直肠癌根治术,手术
1053,肝S4、8转移瘤,脓肿切开引流术,手术
1054,肝S4、8转移瘤,回肠末端（穿孔部分）切除端侧吻合术,手术
1055,直肠中分化腺癌,直肠癌切除术,手术
1056,直肠中分化腺癌,直肠癌根治术,手术
1057,直肠中分化腺癌,脓肿切开引流术,手术
1058,直肠中分化腺癌,回肠末端（穿孔部分）切除端侧吻合术,手术
1059,宫颈鳞癌IB1期,腹腔粘连松解术+部分大网膜切除术+广泛全子宫+两侧卵巢移位术+盆腔淋巴结清扫术,手术
1060,宫颈浸润型鳞状细胞癌II级,腹腔粘连松解术+部分大网膜切除术+广泛全子宫+两侧卵巢移位术+盆腔淋巴结清扫术,手术
1061,宫体肌间平滑肌瘤,腹腔粘连松解术+部分大网膜切除术+广泛全子宫+两侧卵巢移位术+盆腔淋巴结清扫术,手术
1062,宫颈鳞癌（IB1期，II级）术后,腹腔粘连松解术+部分大网膜切除术+广泛全子宫+两侧卵巢移位术+盆腔淋巴结清扫术,手术
1063,低分化腺癌,胃癌根治术,手术
1064,胃低分化腺癌,胃癌根治术,手术
1065,胃癌,全腹腔镜上根治性远端胃大部切除术+直肠癌根治术,手术
1066,胃癌,回肠造口还纳术,手术
1067,直肠癌,全腹腔镜上根治性远端胃大部切除术+直肠癌根治术,手术
1068,直肠癌,回肠造口还纳术,手术
1069,胃角溃疡型低黏附性癌(低分化腺癌，部分为印戒细胞癌),全腹腔镜上根治性远端胃大部切除术+直肠癌根治术,手术
1070,胃角溃疡型低黏附性癌(低分化腺癌，部分为印戒细胞癌),回肠造口还纳术,手术
1071,胃癌,全腹腔镜上根治性远端胃大部切除术+直肠癌根治术,手术
1072,胃癌,回肠造口还纳术,手术
1073,直肠癌术后,全腹腔镜上根治性远端胃大部切除术+直肠癌根治术,手术
1074,直肠癌术后,回肠造口还纳术,手术
1075,胃癌,胃癌根治术（毕I）,手术
1076,胃癌,肠粘连松解术+空肠造瘘术,手术
1077,肠梗阻,胃癌根治术（毕I）,手术
1078,肠梗阻,肠粘连松解术+空肠造瘘术,手术
1079,（胃）中分化腺癌,胃癌根治术（毕I）,手术
1080,（胃）中分化腺癌,肠粘连松解术+空肠造瘘术,手术
1081,胃癌术后,胃癌根治术（毕I）,手术
1082,胃癌术后,肠粘连松解术+空肠造瘘术,手术
1083,肠粘连,胃癌根治术（毕I）,手术
1084,肠粘连,肠粘连松解术+空肠造瘘术,手术
1085,降结肠癌,腹腔镜辅助上根治性右半结肠切除术+小肠肿物切除术,手术
1086,肠隆起型绒毛状-管状腺癌II级,腹腔镜辅助上根治性右半结肠切除术+小肠肿物切除术,手术
1087,肠绒毛状-管状腺瘤,腹腔镜辅助上根治性右半结肠切除术+小肠肿物切除术,手术
1088,胃肠道间质瘤,腹腔镜辅助上根治性右半结肠切除术+小肠肿物切除术,手术
1089,降结肠癌术后,腹腔镜辅助上根治性右半结肠切除术+小肠肿物切除术,手术
1090,胃癌,胃癌根治术,手术
1091,胃癌,远端胃大部切除+ROUX-EN-Y重建,手术
1092,贲门癌,贲门癌根治性近端胃切除+胃食管膈上吻合术,手术
1093,贲门腺癌II级,贲门癌根治性近端胃切除+胃食管膈上吻合术,手术
1094,大肠溃疡型乳头状-管状腺癌II级,腹腔镜上乙状结肠癌根治术,手术
1095,右侧半卵圆中心及两侧基底节区多发腔隙性脑梗死灶,骨髓穿刺,手术
1096,脑萎缩,骨髓穿刺,手术
1097,两侧脑白质脱髓鞘改变,骨髓穿刺,手术
1098,左侧下颌窦及筛窦炎症,骨髓穿刺,手术
1099,甲状腺左叶稍低密度结节,骨髓穿刺,手术
1100,两肺散在炎症,骨髓穿刺,手术
1101,两肾囊肿,骨髓穿刺,手术
1102,两上肢动脉硬化伴粥样斑点,骨髓穿刺,手术
1103,右室肥厚,骨髓穿刺,手术
1104,二尖瓣环、主动脉瓣钙化,骨髓穿刺,手术
1105,脑萎缩,骨髓穿刺,手术
1106,肺部感染,骨髓穿刺,手术
1107,冠心病,骨髓穿刺,手术
1108,（宫颈）鳞状细胞癌,宫颈活检术,手术
1109,（宫颈）鳞状细胞癌,宫颈活检术,手术
1110,（宫颈）鳞状细胞癌,腹腔镜上广泛性子宫切除术+两侧附件切除+盆腔淋巴结清扫术+盆腔粘连松解术,手术
1111,（宫颈）鳞状细胞癌,（宫颈）中分化鳞状细胞癌,手术
1112,胃粘液腺癌，LAUREN，分型：肠型,远端胃切除+B-II重建+空肠BRAUN吻合,手术
1113,粘液腺癌,远端胃切除+B-II重建+空肠BRAUN吻合,手术
1114,胃窦癌伴胃潴留,胃癌根治术,手术
1115,胃癌,胃癌根治术,手术
1116,低分化腺癌,胃癌根治术,手术
1117,低分化腺癌,胃癌根治术,手术
1118,盆腔内囊实性占位病变,全子宫+右附件切除+直肠切除术,手术
1119,浆液性囊腺癌,全子宫+右附件切除+直肠切除术,手术
1120,肝左叶后段病灶，考虑转移可能,全子宫+右附件切除+直肠切除术,手术
1121,盆腔中低分化腺癌,全子宫+右附件切除+直肠切除术,手术
1122,肝左叶转移灶,全子宫+右附件切除+直肠切除术,手术
1123,腹部CT,全子宫+右附件切除+直肠切除术,手术
1124,卵巢癌复发伴左输尿管受累,全子宫+右附件切除+直肠切除术,手术
1125,胃中至低分化腺癌（LAUREN分型为混合型）,（远端）胃癌根治术,手术
1126,胃窦癌（PT3N3M0,IIIB期）,（远端）胃癌根治术,手术
1127,降结肠中分化管状腺癌,腹腔镜上根治性右半结肠切除术,手术
1128,结肠溃疡型中分化管状腺癌,腹腔镜上根治性右半结肠切除术,手术
1129,结肠癌术后,腹腔镜上根治性右半结肠切除术,手术
1130,食管占位,胸腔镜上全胸段食管切除+食管-胃底右颈部吻合术,手术
1131,食管溃疡型鳞状细胞癌II级,胸腔镜上全胸段食管切除+食管-胃底右颈部吻合术,手术
1132,食管癌术后,胸腔镜上全胸段食管切除+食管-胃底右颈部吻合术,手术
1133,乙状结肠癌,乙状结肠部分切除、乙状结肠单腔造瘘，阑尾切除术,手术
1134,结肠腺癌(中低度分化),乙状结肠部分切除、乙状结肠单腔造瘘，阑尾切除术,手术
1135,慢性阑尾炎,乙状结肠部分切除、乙状结肠单腔造瘘，阑尾切除术,手术
1136,乙状结肠癌术后,乙状结肠部分切除、乙状结肠单腔造瘘，阑尾切除术,手术
1137,乙状结肠造瘘术后,乙状结肠部分切除、乙状结肠单腔造瘘，阑尾切除术,手术
1138,胃窦溃疡型隆起性病变,胃癌根治术,手术
1139,胃癌,胃癌根治术,手术
1140,胃隆起型高分化腺癌,胃癌根治术,手术
1141,盆腔巨内巨大囊性包块,经腹全子宫切除术+两侧附件切除术,手术
1142,子宫平滑肌瘤,经腹全子宫切除术+两侧附件切除术,手术
1143,萎缩性宫内膜,经腹全子宫切除术+两侧附件切除术,手术
1144,慢性宫颈炎,经腹全子宫切除术+两侧附件切除术,手术
1145,右附件附件卵巢交界性粘液性囊腺瘤，局灶癌变,经腹全子宫切除术+两侧附件切除术,手术
1146,卵巢癌术后,经腹全子宫切除术+两侧附件切除术,手术
1147,十二指肠乳头部浸润型管状腺癌II-III级,胰十二指肠切除术,手术
1148,慢性胆囊炎,胰十二指肠切除术,手术
1149,十二指肠癌术后,胰十二指肠切除术,手术
1150,宫颈癌IAI,腹腔镜上广泛子宫+两附件切除术+盆腔淋巴结清扫术,手术
1151,（子宫）低分化鳞状细胞癌,腹腔镜上广泛子宫+两附件切除术+盆腔淋巴结清扫术,手术
1152,状下皮高级别下皮内瘤变,腹腔镜上广泛子宫+两附件切除术+盆腔淋巴结清扫术,手术
1153,宫颈癌术后,腹腔镜上广泛子宫+两附件切除术+盆腔淋巴结清扫术,手术
1154,高血压病,胆囊切除术、胆总管空肠ROUX-EN-Y吻合术,手术
1155,高血压病,早期食管癌（癌前病变）内镜上切除术,手术
1156,高血压病,食管早期病变内镜上切除术,手术
1157,酒精性脂肪肝,胆囊切除术、胆总管空肠ROUX-EN-Y吻合术,手术
1158,酒精性脂肪肝,早期食管癌（癌前病变）内镜上切除术,手术
1159,酒精性脂肪肝,食管早期病变内镜上切除术,手术
1160,下消化道出血,胆囊切除术、胆总管空肠ROUX-EN-Y吻合术,手术
1161,下消化道出血,早期食管癌（癌前病变）内镜上切除术,手术
1162,下消化道出血,食管早期病变内镜上切除术,手术
1163,急性胰腺炎,胆囊切除术、胆总管空肠ROUX-EN-Y吻合术,手术
1164,急性胰腺炎,早期食管癌（癌前病变）内镜上切除术,手术
1165,急性胰腺炎,食管早期病变内镜上切除术,手术
1166,慢性胰腺炎急性发作,胆囊切除术、胆总管空肠ROUX-EN-Y吻合术,手术
1167,慢性胰腺炎急性发作,早期食管癌（癌前病变）内镜上切除术,手术
1168,慢性胰腺炎急性发作,食管早期病变内镜上切除术,手术
1169,2型糖尿病,胆囊切除术、胆总管空肠ROUX-EN-Y吻合术,手术
1170,2型糖尿病,早期食管癌（癌前病变）内镜上切除术,手术
1171,2型糖尿病,食管早期病变内镜上切除术,手术
1172,冠心病,胆囊切除术、胆总管空肠ROUX-EN-Y吻合术,手术
1173,冠心病,早期食管癌（癌前病变）内镜上切除术,手术
1174,冠心病,食管早期病变内镜上切除术,手术
1175,肝炎,胆囊切除术、胆总管空肠ROUX-EN-Y吻合术,手术
1176,肝炎,早期食管癌（癌前病变）内镜上切除术,手术
1177,肝炎,食管早期病变内镜上切除术,手术
1178,结核,胆囊切除术、胆总管空肠ROUX-EN-Y吻合术,手术
1179,结核,早期食管癌（癌前病变）内镜上切除术,手术
1180,结核,食管早期病变内镜上切除术,手术
1181,消化道肿瘤,胆囊切除术、胆总管空肠ROUX-EN-Y吻合术,手术
1182,消化道肿瘤,早期食管癌（癌前病变）内镜上切除术,手术
1183,消化道肿瘤,食管早期病变内镜上切除术,手术
1184,窦性心律,胆囊切除术、胆总管空肠ROUX-EN-Y吻合术,手术
1185,窦性心律,早期食管癌（癌前病变）内镜上切除术,手术
1186,窦性心律,食管早期病变内镜上切除术,手术
1187,ST-T改变,胆囊切除术、胆总管空肠ROUX-EN-Y吻合术,手术
1188,ST-T改变,早期食管癌（癌前病变）内镜上切除术,手术
1189,ST-T改变,食管早期病变内镜上切除术,手术
1190,不完全性肠梗阻,胆囊切除术、胆总管空肠ROUX-EN-Y吻合术,手术
1191,不完全性肠梗阻,早期食管癌（癌前病变）内镜上切除术,手术
1192,不完全性肠梗阻,食管早期病变内镜上切除术,手术
1193,慢性胰腺炎急性发作,胆囊切除术、胆总管空肠ROUX-EN-Y吻合术,手术
1194,慢性胰腺炎急性发作,早期食管癌（癌前病变）内镜上切除术,手术
1195,慢性胰腺炎急性发作,食管早期病变内镜上切除术,手术
1196,脂肪肝,胆囊切除术、胆总管空肠ROUX-EN-Y吻合术,手术
1197,脂肪肝,早期食管癌（癌前病变）内镜上切除术,手术
1198,脂肪肝,食管早期病变内镜上切除术,手术
1199,结肠多发憩室,胆囊切除术、胆总管空肠ROUX-EN-Y吻合术,手术
1200,结肠多发憩室,早期食管癌（癌前病变）内镜上切除术,手术
1201,结肠多发憩室,食管早期病变内镜上切除术,手术
1202,降结肠病变,胆囊切除术、胆总管空肠ROUX-EN-Y吻合术,手术
1203,降结肠病变,早期食管癌（癌前病变）内镜上切除术,手术
1204,降结肠病变,食管早期病变内镜上切除术,手术
1205,早期食管癌,胆囊切除术、胆总管空肠ROUX-EN-Y吻合术,手术
1206,早期食管癌,早期食管癌（癌前病变）内镜上切除术,手术
1207,早期食管癌,食管早期病变内镜上切除术,手术
1208,慢性萎缩性胃炎,胆囊切除术、胆总管空肠ROUX-EN-Y吻合术,手术
1209,慢性萎缩性胃炎,早期食管癌（癌前病变）内镜上切除术,手术
1210,慢性萎缩性胃炎,食管早期病变内镜上切除术,手术
1211,十二指肠球炎,胆囊切除术、胆总管空肠ROUX-EN-Y吻合术,手术
1212,十二指肠球炎,早期食管癌（癌前病变）内镜上切除术,手术
1213,十二指肠球炎,食管早期病变内镜上切除术,手术
1214,十二指肠球部胃黏膜异位,胆囊切除术、胆总管空肠ROUX-EN-Y吻合术,手术
1215,十二指肠球部胃黏膜异位,早期食管癌（癌前病变）内镜上切除术,手术
1216,十二指肠球部胃黏膜异位,食管早期病变内镜上切除术,手术
1217,鳞状下皮高级别下皮内瘤变,胆囊切除术、胆总管空肠ROUX-EN-Y吻合术,手术
1218,鳞状下皮高级别下皮内瘤变,早期食管癌（癌前病变）内镜上切除术,手术
1219,鳞状下皮高级别下皮内瘤变,食管早期病变内镜上切除术,手术
1220,轻度慢性发炎,胆囊切除术、胆总管空肠ROUX-EN-Y吻合术,手术
1221,轻度慢性发炎,早期食管癌（癌前病变）内镜上切除术,手术
1222,轻度慢性发炎,食管早期病变内镜上切除术,手术
1223,慢性发炎,胆囊切除术、胆总管空肠ROUX-EN-Y吻合术,手术
1224,慢性发炎,早期食管癌（癌前病变）内镜上切除术,手术
1225,慢性发炎,食管早期病变内镜上切除术,手术
1226,鳞状下皮高级别下皮内瘤变,胆囊切除术、胆总管空肠ROUX-EN-Y吻合术,手术
1227,鳞状下皮高级别下皮内瘤变,早期食管癌（癌前病变）内镜上切除术,手术
1228,鳞状下皮高级别下皮内瘤变,食管早期病变内镜上切除术,手术
1229,食管恶性肿瘤ESD术后,胆囊切除术、胆总管空肠ROUX-EN-Y吻合术,手术
1230,食管恶性肿瘤ESD术后,早期食管癌（癌前病变）内镜上切除术,手术
1231,食管恶性肿瘤ESD术后,食管早期病变内镜上切除术,手术
1232,直肠癌,直肠前切除术,手术
1233,溃疡型中分化腺癌,直肠前切除术,手术
1234,胃恶性肿瘤,胃空肠吻合+空肠侧侧吻合术,手术
1235,胃恶性肿瘤,胃空肠吻合+空肠侧侧吻合术,手术
1236,幽门梗阻,胃空肠吻合+空肠侧侧吻合术,手术
1237,幽门梗阻,胃空肠吻合+空肠侧侧吻合术,手术
1238,（大网膜）纤维脂肪组织内浸润的低分化腺癌,胃空肠吻合+空肠侧侧吻合术,手术
1239,（大网膜）纤维脂肪组织内浸润的低分化腺癌,胃空肠吻合+空肠侧侧吻合术,手术
1240,胃恶性肿瘤术后,胃空肠吻合+空肠侧侧吻合术,手术
1241,胃恶性肿瘤术后,胃空肠吻合+空肠侧侧吻合术,手术
1242,胃癌,剖腹探查+胃窦肿物活检术+胃空肠吻合术,手术
1243,（胃壁）间质瘤,剖腹探查+胃窦肿物活检术+胃空肠吻合术,手术
1244,（胃窦体）胃浸润型低分化腺癌,剖腹探查+胃窦肿物活检术+胃空肠吻合术,手术
1245,胃癌、胃空肠吻合术后,剖腹探查+胃窦肿物活检术+胃空肠吻合术,手术
1246,右乳腺浸润性导管癌,右乳癌改良根治术,手术
1247,右乳腺浸润性导管癌,卵巢去势手术,手术
1248,骨转移,右乳癌改良根治术,手术
1249,骨转移,卵巢去势手术,手术
1250,糜烂性胃炎（II级）,根治性远端胃大部切除术（毕II式，D2),手术
1251,粘膜腺癌,根治性远端胃大部切除术（毕II式，D2),手术
1252,黏液腺癌,根治性远端胃大部切除术（毕II式，D2),手术
1253,胃癌术后,根治性远端胃大部切除术（毕II式，D2),手术
1254,肝内外胆管结石伴急性胆管炎,胆囊切除+胆总管切口取石术+T管引流术,手术
1255,术后切口感染,胆囊切除+胆总管切口取石术+T管引流术,手术
1256,胆石症术后,胆囊切除+胆总管切口取石术+T管引流术,手术
1257,胃癌,腹腔镜辅助上根治性远端胃大部切除术,手术
1258,胃癌,ROUX-Y吻合术D2,手术
1259,（远端胃）胃体小弯早期（IIC型）低分化腺癌，部分为印戒细胞癌,腹腔镜辅助上根治性远端胃大部切除术,手术
1260,（远端胃）胃体小弯早期（IIC型）低分化腺癌，部分为印戒细胞癌,ROUX-Y吻合术D2,手术
1261,中至低分化腺癌,腹腔镜胃癌根治术,手术
1262,胃中至低分化腺癌，LAUREN,腹腔镜胃癌根治术,手术
1263,腺癌,腹腔镜胃癌根治术,手术
1264,胃底升结肠印戒细胞癌,右乳包块活检术,手术
1265,胃底升结肠印戒细胞癌,左腹股沟肿大淋巴结活检,手术
1266,（右乳）分泌粘液癌（印戒细胞癌）,右乳包块活检术,手术
1267,（右乳）分泌粘液癌（印戒细胞癌）,左腹股沟肿大淋巴结活检,手术
1268,右乳印戒细胞癌,右乳包块活检术,手术
1269,右乳印戒细胞癌,左腹股沟肿大淋巴结活检,手术
1270,转移性癌,右乳包块活检术,手术
1271,转移性癌,左腹股沟肿大淋巴结活检,手术
1272,胃底、升结肠印戒细胞癌,右乳包块活检术,手术
1273,胃底、升结肠印戒细胞癌,左腹股沟肿大淋巴结活检,手术
1274,胃癌,根治性胃大部切除、毕I式吻合术,手术
1275,胃窦大弯侧腺癌（中度分化），浸润溃疡型,根治性胃大部切除、毕I式吻合术,手术
1276,胃癌术后,根治性胃大部切除、毕I式吻合术,手术
1277,右肝内肝内胆管癌,右半肝联合尾状叶切除+胆总管切除+左前、左后胆肠吻合+腹腔淋巴结清扫+腹腔粘连松解+腹壁肿物切除术,手术
1278,右肝内肝内胆管癌,TACE,手术
1279,右肝内肝内胆管癌,介入术,手术
1280,（右半肝），：肝中分化胆管细胞癌,右半肝联合尾状叶切除+胆总管切除+左前、左后胆肠吻合+腹腔淋巴结清扫+腹腔粘连松解+腹壁肿物切除术,手术
1281,（右半肝），：肝中分化胆管细胞癌,TACE,手术
1282,（右半肝），：肝中分化胆管细胞癌,介入术,手术
1283,胆管细胞癌,右半肝联合尾状叶切除+胆总管切除+左前、左后胆肠吻合+腹腔淋巴结清扫+腹腔粘连松解+腹壁肿物切除术,手术
1284,胆管细胞癌,TACE,手术
1285,胆管细胞癌,介入术,手术
1286,肝内胆管扩张,右半肝联合尾状叶切除+胆总管切除+左前、左后胆肠吻合+腹腔淋巴结清扫+腹腔粘连松解+腹壁肿物切除术,手术
1287,肝内胆管扩张,TACE,手术
1288,肝内胆管扩张,介入术,手术
1289,肝内胆管癌,右半肝联合尾状叶切除+胆总管切除+左前、左后胆肠吻合+腹腔淋巴结清扫+腹腔粘连松解+腹壁肿物切除术,手术
1290,肝内胆管癌,TACE,手术
1291,肝内胆管癌,介入术,手术
1292,右肝内肝内胆管癌术后,右半肝联合尾状叶切除+胆总管切除+左前、左后胆肠吻合+腹腔淋巴结清扫+腹腔粘连松解+腹壁肿物切除术,手术
1293,右肝内肝内胆管癌术后,TACE,手术
1294,右肝内肝内胆管癌术后,介入术,手术
1295,结肠腺癌并肝多发转移,DIXON'S+肠粘连松解术,手术
1296,结肠腺癌并肝多发转移,肝转移瘤射频消融术,手术
1297,中分化腺癌,DIXON'S+肠粘连松解术,手术
1298,中分化腺癌,肝转移瘤射频消融术,手术
1299,食管髓质型鳞状细胞癌IIIA期（PT3N1M0）,食管中段癌切除+食管-胃底弓下吻合术,手术
1300,食管髓质型鳞状细胞癌II级,食管中段癌切除+食管-胃底弓下吻合术,手术
1301,食管癌术后,食管中段癌切除+食管-胃底弓下吻合术,手术
1302,左半结肠肿瘤,剖腹探查、结肠癌根治术、肠粘连松解术,手术
1303,（升结肠）粘液性腺癌,剖腹探查、结肠癌根治术、肠粘连松解术,手术
1304,左半结肠癌术后,剖腹探查、结肠癌根治术、肠粘连松解术,手术
1305,贲门癌,腹腔镜辅助上根治性全胃切除术,手术
1306,贲门癌,腹腔镜辅助上根治性全胃切除术,手术
1307,食管胃交界处溃疡型中－低分化腺癌,腹腔镜辅助上根治性全胃切除术,手术
1308,贲门癌术后,腹腔镜辅助上根治性全胃切除术,手术
1309,食管胃交界区癌,根治性全胃及食管上段切除+食管-空肠ROUX-EN-Y吻合术,手术
1310,（食管上段+全胃），：食管胃交界浸润型管状腺癌II级,根治性全胃及食管上段切除+食管-空肠ROUX-EN-Y吻合术,手术
1311,食管胃交界区癌术后,根治性全胃及食管上段切除+食管-空肠ROUX-EN-Y吻合术,手术
1312,胃癌,根治术全胃切除术,手术
1313,食管胃交界溃疡型管状腺癌，II-III级,根治术全胃切除术,手术
1314,胃癌术后,根治术全胃切除术,手术
1315,胃体中下部溃疡,胃癌根治术,手术
1316,中分化腺癌,胃癌根治术,手术
1317,中分化腺癌,胃癌根治术,手术
1318,腺癌,胃癌根治术,手术
1319,胃癌术后多发脑转移,胃癌根治术,手术
1320,胃癌术后脑转移 RTXNXM1 IV期,胃癌根治术,手术
1321,冠状动脉粥样硬化性心脏病,骨髓穿刺,手术
1322,二尖瓣及主动脉瓣狭窄,骨髓穿刺,手术
1323,二尖瓣及三尖瓣重度反流,骨髓穿刺,手术
1324,肺动脉瓣及主动脉瓣轻度反流,骨髓穿刺,手术
1325,心包积液,骨髓穿刺,手术
1326,右室收缩功能正常,骨髓穿刺,手术
1327,缺铁性贫血,骨髓穿刺,手术
1328,血小板减少性紫癜,骨髓穿刺,手术
1329,慢性肾脏病（CKD3期）,骨髓穿刺,手术
1330,急性肾损害,骨髓穿刺,手术
1331,胸中段食管癌,经左胸下腹颈部食管部分切除+胃食管颈部吻合+二野清扫术,手术
1332,鳞癌，PT3N1M0,经左胸下腹颈部食管部分切除+胃食管颈部吻合+二野清扫术,手术
1333,胃恶性肿瘤,胃癌根治术,手术
1334,胃窦小弯腺癌（中度分化）,胃癌根治术,手术
1335,胃癌术后,胃癌根治术,手术
1336,结肠肝曲管状腺癌,腹腔镜上扩大根治性左半结肠癌切除,手术
1337,大肠溃疡型管状腺癌II-III级,腹腔镜上扩大根治性左半结肠癌切除,手术
1338,粘液腺癌,腹腔镜上扩大根治性左半结肠癌切除,手术
1339,结肠肝曲管状腺癌术后,腹腔镜上扩大根治性左半结肠癌切除,手术
1340,胃体小弯腺癌（中度分化）,胃癌根治+幽门成形术,手术
1341,胃癌术后,胃癌根治+幽门成形术,手术
1342,胃癌,腹腔镜胃癌根治术中转开腹全胃切除空肠食管ROUX-ENY吻合术+横结肠部分切除术,手术
1343,低分化腺癌，部分为印戒细胞癌,腹腔镜胃癌根治术中转开腹全胃切除空肠食管ROUX-ENY吻合术+横结肠部分切除术,手术
1344,胃癌术后,腹腔镜胃癌根治术中转开腹全胃切除空肠食管ROUX-ENY吻合术+横结肠部分切除术,手术
1345,胃窦癌,（远端）胃癌根治术,手术
1346,（胃大体）镜检为低分化腺癌,（远端）胃癌根治术,手术
1347,印戒细胞癌（LAUREN，分型：弥漫型）,（远端）胃癌根治术,手术
1348,胃窦癌综合治疗后,（远端）胃癌根治术,手术
1349,食管下段鳞癌,两腔上行经颈胸腹下段食管癌切除术,手术
1350,食管鳞状细胞癌,两腔上行经颈胸腹下段食管癌切除术,手术
1351,食管癌,两腔上行经颈胸腹下段食管癌切除术,手术
1352,乙状结肠肿物，恶性待排,乙状结肠切除术,手术
1353,乙状结肠中分化腺癌,乙状结肠切除术,手术
1354,卵巢癌,全子宫+两附件切除术+阑尾+大网膜切除术+盆腔淋巴结清扫术,手术
1355,卵巢恶性下皮性肿瘤,全子宫+两附件切除术+阑尾+大网膜切除术+盆腔淋巴结清扫术,手术
1356,粘液性囊腺癌,全子宫+两附件切除术+阑尾+大网膜切除术+盆腔淋巴结清扫术,手术
1357,右卵巢粘液性囊腺癌IA期术后,全子宫+两附件切除术+阑尾+大网膜切除术+盆腔淋巴结清扫术,手术
1358,乙状结肠癌,乙状结肠癌根治术,手术
1359,（乙状结肠）腺癌（中、低度分化）,乙状结肠癌根治术,手术
1360,乙状结肠癌术后,乙状结肠癌根治术,手术
1361,胃癌,根治性远端胃大部切除术,手术
1362,胃窦溃疡型管状腺癌II-III级，少部分为低粘附性癌（主要为印戒细胞癌）,根治性远端胃大部切除术,手术
1363,胃癌术后,根治性远端胃大部切除术,手术
1364,中分化鳞癌,III型子宫切除、两附件切除、盆腔淋巴结清扫,手术
1365,低分化癌,III型子宫切除、两附件切除、盆腔淋巴结清扫,手术
1366,低分化鳞状细胞癌,III型子宫切除、两附件切除、盆腔淋巴结清扫,手术
1367,宫颈癌IIA2期,III型子宫切除、两附件切除、盆腔淋巴结清扫,手术
1368,宫颈低分化鳞状细胞癌,III型子宫切除、两附件切除、盆腔淋巴结清扫,手术
1369,左乳腺癌,左侧乳腺癌改良根治术,手术
1370,左乳腺癌,区域淋巴结切除术,手术
1371,左乳腺癌,两侧卵巢切除术,手术
1372,低分化腺癌,左侧乳腺癌改良根治术,手术
1373,低分化腺癌,区域淋巴结切除术,手术
1374,低分化腺癌,两侧卵巢切除术,手术
1375,左乳癌术后,左侧乳腺癌改良根治术,手术
1376,左乳癌术后,区域淋巴结切除术,手术
1377,左乳癌术后,两侧卵巢切除术,手术
1378,左乳癌术后,左侧乳腺癌改良根治术,手术
1379,左乳癌术后,区域淋巴结切除术,手术
1380,左乳癌术后,两侧卵巢切除术,手术
1381,肝囊肿,直肠癌手术,手术
1382, 两肾囊肿,直肠癌手术,手术
1383,胆囊炎,直肠癌手术,手术
1384,直肠癌术后,直肠癌手术,手术
1385,右侧腹股沟疝,直肠癌手术,手术
1386,神经痛,直肠癌手术,手术
1387,直肠腺癌,DIXON手术,手术
1388,直肠癌术后,DIXON手术,手术
1389,升结肠占位,大网膜切除+胃空肠吻合术+回肠-横结肠吻合术,手术
1390,腹水,大网膜切除+胃空肠吻合术+回肠-横结肠吻合术,手术
1391,结肠癌,大网膜切除+胃空肠吻合术+回肠-横结肠吻合术,手术
1392,腹腔、盆腔积液,大网膜切除+胃空肠吻合术+回肠-横结肠吻合术,手术
1393,升结肠腺癌腹腔多发种植，伴不完全肠梗阻,大网膜切除+胃空肠吻合术+回肠-横结肠吻合术,手术
1394,左肝癌,胆囊切除、左半肝切除术,手术
1395,（左肝）肝脏原发性胆管细胞癌II级,胆囊切除、左半肝切除术,手术
1396,慢性腺性胆囊炎,胆囊切除、左半肝切除术,手术
1397,肝癌术后,胆囊切除、左半肝切除术,手术
1398,肠套叠,左半结肠切除术,手术
1399,溃疡型低分化腺癌,左半结肠切除术,手术
1400,粘液腺癌,左半结肠切除术,手术
1401,低分化腺癌（大部分胃粘液腺癌）,左半结肠切除术,手术
1402,肠梗阻,左半结肠切除术,手术
1403,肠梗阻,左半结肠切除术,手术
1404,腹膜网膜肠系膜转移,左半结肠切除术,手术
1405,腺癌,直肠癌根治术,手术
1406,骨髓抑制,直肠癌根治术,手术
1407,中分化腺癌,直肠癌根治术,手术
1408,胃低分化腺癌（T4AN3MO,IIIC,LN+7/59）,胃癌根治术（远端胃大部切除+ROUX-EN-Y重建）,手术
1409,胃低分化腺癌（T4AN3MO,IIIC,LN+7/59）,腹壁切口清创缝合术,手术
1410,网膜浆液性腺癌,全子宫切除、两侧骨盆漏斗韧带高位结扎、大网膜、阑尾切除术,手术
1411,卵巢浆液性腺癌,全子宫切除、两侧骨盆漏斗韧带高位结扎、大网膜、阑尾切除术,手术
1412,右肺门转移,直肠癌根治术,手术
1413,右肺门转移,M-R刀,手术
1414,胃多发息肉,胃息肉电切术,手术
1415,浅表性胃炎伴糜烂,胃息肉电切术,手术
1416,两上肢动脉硬化闭塞症伴坏疽,右上肢动脉造影+右上肢动脉置管溶栓术,手术
1417,两上肢动脉硬化闭塞症伴坏疽,右侧上肢动脉PTA+STENT+右上肢动脉置管溶栓术,手术
1418,两上肢动脉硬化闭塞症伴坏疽,右侧上肢动脉PTA+STENT术,手术
1419,右第1、2足趾坏疽,右上肢动脉造影+右上肢动脉置管溶栓术,手术
1420,右第1、2足趾坏疽,右侧上肢动脉PTA+STENT+右上肢动脉置管溶栓术,手术
1421,右第1、2足趾坏疽,右侧上肢动脉PTA+STENT术,手术
1422,中分化腺癌,子宫切除+两附件切除+DIXON术+大网膜切除术开腹恶性肿瘤特殊治疗术,手术
1423,中分化腺癌,肝转移瘤切除术,手术
1424,盆腔大量积液,子宫切除+两附件切除+DIXON术+大网膜切除术开腹恶性肿瘤特殊治疗术,手术
1425,盆腔大量积液,肝转移瘤切除术,手术
1426,乙状结肠癌伴不完全梗阻,子宫切除+两附件切除+DIXON术+大网膜切除术开腹恶性肿瘤特殊治疗术,手术
1427,乙状结肠癌伴不完全梗阻,肝转移瘤切除术,手术
1428,乙状结肠中分化腺癌,子宫切除+两附件切除+DIXON术+大网膜切除术开腹恶性肿瘤特殊治疗术,手术
1429,乙状结肠中分化腺癌,肝转移瘤切除术,手术
1430,两侧卵巢转移瘤,子宫切除+两附件切除+DIXON术+大网膜切除术开腹恶性肿瘤特殊治疗术,手术
1431,两侧卵巢转移瘤,肝转移瘤切除术,手术
1432,乙状结肠癌术后,子宫切除+两附件切除+DIXON术+大网膜切除术开腹恶性肿瘤特殊治疗术,手术
1433,乙状结肠癌术后,肝转移瘤切除术,手术
1434,肝S5、6段肝转移,子宫切除+两附件切除+DIXON术+大网膜切除术开腹恶性肿瘤特殊治疗术,手术
1435,肝S5、6段肝转移,肝转移瘤切除术,手术
1436,乙状结肠癌术后,子宫切除+两附件切除+DIXON术+大网膜切除术开腹恶性肿瘤特殊治疗术,手术
1437,乙状结肠癌术后,肝转移瘤切除术,手术
1438,肝转移瘤,子宫切除+两附件切除+DIXON术+大网膜切除术开腹恶性肿瘤特殊治疗术,手术
1439,肝转移瘤,肝转移瘤切除术,手术
1440,肝囊肿,子宫切除+两附件切除+DIXON术+大网膜切除术开腹恶性肿瘤特殊治疗术,手术
1441,肝囊肿,肝转移瘤切除术,手术
1442,肠癌肝转移,子宫切除+两附件切除+DIXON术+大网膜切除术开腹恶性肿瘤特殊治疗术,手术
1443,肠癌肝转移,肝转移瘤切除术,手术
1444,结肠息肉,根治性膀胱切除＋回肠导管术,手术
1445,上腹部切口疝,根治性膀胱切除＋回肠导管术,手术
1446,膀胱癌根治术后,根治性膀胱切除＋回肠导管术,手术
1447,PCS盒植入术后,根治性膀胱切除＋回肠导管术,手术
1448,胃息肉,胃镜上息肉切除,手术
1449,胃息肉,胃镜上息肉切除,手术
1450,胃癌并幽门梗阻,胃肠吻合术,手术
1451,幽门梗阻,胃肠吻合术,手术
1452,胃癌术后,胃肠吻合术,手术
1453,直肠腺癌（CT3NXM0）,腹腔镜探查+横结肠两腔造口术+经阴直肠阴道瘘修补术,手术
1454,慢性非萎缩性胃炎,右侧腋窝肿块切除术,手术
1455,（右腋窝）淋巴结内转移性鳞状细胞癌,右侧腋窝肿块切除术,手术
1456,双侧胸腔积液,右侧腋窝肿块切除术,手术
1457,肠套叠,空气灌肠整复术,手术
1458,肠套叠,空气灌肠整复术,手术
1459,乙状结肠腺癌,剖腹探查+乙状结肠肿瘤根治术+放射性粒子置入,手术
1460,乙状结肠腺癌,肝脏选择性肝动脉造影术、肝癌肿瘤滋养动脉超选择性插管化疗栓塞术,手术
1461,（乙状结肠）溃疡型中分化管状腺癌,剖腹探查+乙状结肠肿瘤根治术+放射性粒子置入,手术
1462,（乙状结肠）溃疡型中分化管状腺癌,肝脏选择性肝动脉造影术、肝癌肿瘤滋养动脉超选择性插管化疗栓塞术,手术
1463,乙状结肠癌,剖腹探查+乙状结肠肿瘤根治术+放射性粒子置入,手术
1464,乙状结肠癌,肝脏选择性肝动脉造影术、肝癌肿瘤滋养动脉超选择性插管化疗栓塞术,手术
1465,肝癌,复杂肝癌切除（肝中叶切除）+胆总管探查+T管引流术,手术
1466,(肝左叶)腺癌,复杂肝癌切除（肝中叶切除）+胆总管探查+T管引流术,手术
1467,胆囊癌肝转移,复杂肝癌切除（肝中叶切除）+胆总管探查+T管引流术,手术
1468,原发性肝癌术后,复杂肝癌切除（肝中叶切除）+胆总管探查+T管引流术,手术
1469,胆管癌,胰十二指肠切除术,手术
1470,胆管癌,腹腔动脉造影+栓塞术,手术
1471,胆总管中分化腺癌,胰十二指肠切除术,手术
1472,胆总管中分化腺癌,腹腔动脉造影+栓塞术,手术
1473,消化道出血,胰十二指肠切除术,手术
1474,消化道出血,腹腔动脉造影+栓塞术,手术
1475,低分化腺癌,食管胃结合部癌根治术,手术
1476,中-低分化腺癌，混合型,食管胃结合部癌根治术,手术
1477,食道癌术后,食管胃结合部癌根治术,手术
1478,直肠中分化腺癌,腹腔镜上直肠癌根治术+右半肝切除术+胆囊切除术,手术
1479,大肠多发息肉,腹腔镜上直肠癌根治术+右半肝切除术+胆囊切除术,手术
1480,十二指肠球部溃疡,腹腔镜上直肠癌根治术+右半肝切除术+胆囊切除术,手术
1481,肝癌,腹腔镜上直肠癌根治术+右半肝切除术+胆囊切除术,手术
1482,中分化腺癌,腹腔镜上直肠癌根治术+右半肝切除术+胆囊切除术,手术
1483,肝转移,腹腔镜上直肠癌根治术+右半肝切除术+胆囊切除术,手术
1484,腺癌,腹腔镜上直肠癌根治术+右半肝切除术+胆囊切除术,手术
1485,直肠腺癌肝转移,腹腔镜上直肠癌根治术+右半肝切除术+胆囊切除术,手术
1486,肝内外胆管结石,肝叶切除术,手术
1487,肝内外胆管结石,胆总管切开取石+胆囊切除+肝上脓肿切开引流+腹腔粘连松解+T管引流术,手术
1488,急性胆管炎,肝叶切除术,手术
1489,急性胆管炎,胆总管切开取石+胆囊切除+肝上脓肿切开引流+腹腔粘连松解+T管引流术,手术
1490,胆囊结石,肝叶切除术,手术
1491,胆囊结石,胆总管切开取石+胆囊切除+肝上脓肿切开引流+腹腔粘连松解+T管引流术,手术
1492,急性胆囊炎,肝叶切除术,手术
1493,急性胆囊炎,胆总管切开取石+胆囊切除+肝上脓肿切开引流+腹腔粘连松解+T管引流术,手术
1494,肝脓肿,肝叶切除术,手术
1495,肝脓肿,胆总管切开取石+胆囊切除+肝上脓肿切开引流+腹腔粘连松解+T管引流术,手术
1496,肝周积液,肝叶切除术,手术
1497,肝周积液,胆总管切开取石+胆囊切除+肝上脓肿切开引流+腹腔粘连松解+T管引流术,手术
1498,慢性胆囊炎,肝叶切除术,手术
1499,慢性胆囊炎,胆总管切开取石+胆囊切除+肝上脓肿切开引流+腹腔粘连松解+T管引流术,手术
1500,胆管炎,肝叶切除术,手术
1501,胆管炎,胆总管切开取石+胆囊切除+肝上脓肿切开引流+腹腔粘连松解+T管引流术,手术
1502,胆道术后肝内胆管结石,肝叶切除术,手术
1503,胆道术后肝内胆管结石,胆总管切开取石+胆囊切除+肝上脓肿切开引流+腹腔粘连松解+T管引流术,手术
1504,左肾肿瘤,左肾根治性切除+肾周粘连松解+肠粘连松解+阑尾切除术+腹膜后淋巴结活检术,手术
1505,肾出血,左肾根治性切除+肾周粘连松解+肠粘连松解+阑尾切除术+腹膜后淋巴结活检术,手术
1506,（左侧）肾脏伴左两相分化的恶性肿瘤，考虑肾母细胞瘤,左肾根治性切除+肾周粘连松解+肠粘连松解+阑尾切除术+腹膜后淋巴结活检术,手术
1507,肾母细胞瘤,左肾根治性切除+肾周粘连松解+肠粘连松解+阑尾切除术+腹膜后淋巴结活检术,手术
1508,左肾母细胞瘤 IIIB期,左肾根治性切除+肾周粘连松解+肠粘连松解+阑尾切除术+腹膜后淋巴结活检术,手术
1509,盲肠癌（，癌症分期为：T3N3M1）,剖腹探查+左半结肠切除+肠粘连松解术,手术
1510,（左半结肠）粘液腺癌,剖腹探查+左半结肠切除+肠粘连松解术,手术
1511,肝癌,肝癌射频消融术,手术
1512,肝癌,介入手术,手术
1513,肝癌,介入手术,手术
1514,肝脏萎缩,肝癌射频消融术,手术
1515,肝脏萎缩,介入手术,手术
1516,肝脏萎缩,介入手术,手术
1517,肝右叶萎缩,肝癌射频消融术,手术
1518,肝右叶萎缩,介入手术,手术
1519,肝右叶萎缩,介入手术,手术
1520,开腹射频消融术＋胆囊切除术＋化疗泵置入术,肝癌射频消融术,手术
1521,开腹射频消融术＋胆囊切除术＋化疗泵置入术,介入手术,手术
1522,开腹射频消融术＋胆囊切除术＋化疗泵置入术,介入手术,手术
1523,肝癌复发,肝癌射频消融术,手术
1524,肝癌复发,介入手术,手术
1525,肝癌复发,介入手术,手术
1526,肝癌复发,肝癌射频消融术,手术
1527,肝癌复发,介入手术,手术
1528,肝癌复发,介入手术,手术
1529,呼吸道感染,气管切开术,手术
1530,呼吸衰竭,气管切开术,手术
1531,肺炎,气管切开术,手术
1532,呼吸衰竭,气管切开术,手术
1533,急性肾损伤,气管切开术,手术
1534,高分化腺癌,乙状结肠癌根治术,手术
1535,溃疡型中分化腺癌,乙状结肠癌根治术,手术
1536,乙状结肠术后,乙状结肠癌根治术,手术
1537,肾功能不全,右前臂动静脉内瘘成形术及左颈内静脉置管术,手术
1538,高血压肾病,右前臂动静脉内瘘成形术及左颈内静脉置管术,手术
1539,慢性肾脏病5期,右前臂动静脉内瘘成形术及左颈内静脉置管术,手术
1540,肾性贫血,右前臂动静脉内瘘成形术及左颈内静脉置管术,手术
1541,慢性肾脏病5期,右前臂动静脉内瘘成形术及左颈内静脉置管术,手术
1542,肾性贫血,右前臂动静脉内瘘成形术及左颈内静脉置管术,手术
1543,高血压3级,右前臂动静脉内瘘成形术及左颈内静脉置管术,手术
1544,急性右心衰,右前臂动静脉内瘘成形术及左颈内静脉置管术,手术
1545,高钾血症,右前臂动静脉内瘘成形术及左颈内静脉置管术,手术
1546,腺癌,左半结肠切除术+左侧卵巢切除术+盆底结节切除术+腹腔热灌注化疗,手术
1547,腺癌,腹腔热灌注化疗术,手术
1548,中分化腺癌,左半结肠切除术+左侧卵巢切除术+盆底结节切除术+腹腔热灌注化疗,手术
1549,中分化腺癌,腹腔热灌注化疗术,手术
1550,左卵巢囊肿,左半结肠切除术+左侧卵巢切除术+盆底结节切除术+腹腔热灌注化疗,手术
1551,左卵巢囊肿,腹腔热灌注化疗术,手术
1552,中分化腺癌,左半结肠切除术+左侧卵巢切除术+盆底结节切除术+腹腔热灌注化疗,手术
1553,中分化腺癌,腹腔热灌注化疗术,手术
1554,肠腺癌转移,左半结肠切除术+左侧卵巢切除术+盆底结节切除术+腹腔热灌注化疗,手术
1555,肠腺癌转移,腹腔热灌注化疗术,手术
1556,腺癌,左半结肠切除术+左侧卵巢切除术+盆底结节切除术+腹腔热灌注化疗,手术
1557,腺癌,腹腔热灌注化疗术,手术
1558,直肠癌,DIXON术,手术
1559,中分化腺癌,DIXON术,手术
1560,高级别下皮内瘤变,DIXON术,手术
1561,两肺多发转移,DIXON术,手术
1562,高分化内膜样腺癌,开腹子宫内膜癌分期手术+大网膜切除术,手术
1563,高分化子宫内膜样癌,开腹子宫内膜癌分期手术+大网膜切除术,手术
1564,子宫平滑肌瘤,开腹子宫内膜癌分期手术+大网膜切除术,手术
1565,两侧卵巢子宫内膜样腺癌,开腹子宫内膜癌分期手术+大网膜切除术,手术
1566,子宫内膜高分化内膜样腺癌IIIA期,开腹子宫内膜癌分期手术+大网膜切除术,手术
1567,肝转移,腹腔镜上结肠癌切除,手术
1568,肝转移,TACE+肝动脉留管,手术
1569,乙状结肠溃疡型高中分化腺癌伴粘液分泌,腹腔镜上结肠癌切除,手术
1570,乙状结肠溃疡型高中分化腺癌伴粘液分泌,TACE+肝动脉留管,手术
1571,肝转移,腹腔镜上结肠癌切除,手术
1572,肝转移,TACE+肝动脉留管,手术
1573,中分化腺癌,腹腔镜上结肠癌切除,手术
1574,中分化腺癌,TACE+肝动脉留管,手术
1575,结肠癌转移,腹腔镜上结肠癌切除,手术
1576,结肠癌转移,TACE+肝动脉留管,手术
1577,慢性胃炎,胃早癌剥离术,手术
1578,慢性萎缩性胃炎,胃早癌剥离术,手术
1579,胃早癌,胃早癌剥离术,手术
1580,胃早癌剥离术后,胃早癌剥离术,手术
1581,胆石症并胆系感染,胆囊切除+胆总管切开取石+T管引流术,手术
1582,胆石症术后,胆囊切除+胆总管切开取石+T管引流术,手术
1583,PNET,胰十二指肠切除术,手术
1584,神经内分泌肿瘤,胰十二指肠切除术,手术
1585,肝内外胆管扩张,胰十二指肠切除术,手术
1586,胆肠肠吻合口处梗阻,胰十二指肠切除术,手术
1587,C7-T2骨转移,胰十二指肠切除术,手术
1588,吻合口炎,胃癌根治术,手术
1589,胰腺占位,胃癌根治术,手术
1590,低分化腺癌,胃癌根治术,手术
1591,中低分化腺癌,胃癌根治术,手术
1592,腺癌,胃癌根治术,手术
1593,胰腺肿瘤,胃癌根治术,手术
1594,胰腺癌,胃癌根治术,手术
1595,乙状结肠MT肝转移,乙状结肠MT切除术,手术
1596,乙状结肠MT肝转移,两侧睾丸切除手术,手术
1597,乳头状腺癌,乙状结肠MT切除术,手术
1598,乳头状腺癌,两侧睾丸切除手术,手术
1599,前列腺癌,乙状结肠MT切除术,手术
1600,前列腺癌,两侧睾丸切除手术,手术
1601,原发性肝癌,肝癌+胆囊切除术,手术
1602,原发性肝癌,肝癌介入治疗（TACE）,手术
1603,原发性肝癌,肝肿瘤射频消融,手术
1604,原发性肝癌,肝癌介入治疗（TACE）,手术
1605,原发性肝癌,肝肿瘤射频消融,手术
1606,胆囊结石,肝癌+胆囊切除术,手术
1607,胆囊结石,肝癌介入治疗（TACE）,手术
1608,胆囊结石,肝肿瘤射频消融,手术
1609,胆囊结石,肝癌介入治疗（TACE）,手术
1610,胆囊结石,肝肿瘤射频消融,手术
1611,肝细胞性肝癌,肝癌+胆囊切除术,手术
1612,肝细胞性肝癌,肝癌介入治疗（TACE）,手术
1613,肝细胞性肝癌,肝肿瘤射频消融,手术
1614,肝细胞性肝癌,肝癌介入治疗（TACE）,手术
1615,肝细胞性肝癌,肝肿瘤射频消融,手术
1616,肝肿瘤,肝癌+胆囊切除术,手术
1617,肝肿瘤,肝癌介入治疗（TACE）,手术
1618,肝肿瘤,肝肿瘤射频消融,手术
1619,肝肿瘤,肝癌介入治疗（TACE）,手术
1620,肝肿瘤,肝肿瘤射频消融,手术
1621,肝癌术后复发,肝癌+胆囊切除术,手术
1622,肝癌术后复发,肝癌介入治疗（TACE）,手术
1623,肝癌术后复发,肝肿瘤射频消融,手术
1624,肝癌术后复发,肝癌介入治疗（TACE）,手术
1625,肝癌术后复发,肝肿瘤射频消融,手术
1626,肝肿瘤,肝癌+胆囊切除术,手术
1627,肝肿瘤,肝癌介入治疗（TACE）,手术
1628,肝肿瘤,肝肿瘤射频消融,手术
1629,肝肿瘤,肝癌介入治疗（TACE）,手术
1630,肝肿瘤,肝肿瘤射频消融,手术
1631,升结肠癌,腹腔镜左半结肠切除术,手术
1632,升结肠癌,甲状腺右叶+峡部切除+右VI区淋巴结清扫术+右侧喉返神经探查术+全子宫两附件切除术,手术
1633,结肠中分化腺癌,腹腔镜左半结肠切除术,手术
1634,结肠中分化腺癌,甲状腺右叶+峡部切除+右VI区淋巴结清扫术+右侧喉返神经探查术+全子宫两附件切除术,手术
1635,肠癌转移,腹腔镜左半结肠切除术,手术
1636,肠癌转移,甲状腺右叶+峡部切除+右VI区淋巴结清扫术+右侧喉返神经探查术+全子宫两附件切除术,手术
1637,甲状腺癌,腹腔镜左半结肠切除术,手术
1638,甲状腺癌,甲状腺右叶+峡部切除+右VI区淋巴结清扫术+右侧喉返神经探查术+全子宫两附件切除术,手术
1639,甲状腺癌转移,腹腔镜左半结肠切除术,手术
1640,甲状腺癌转移,甲状腺右叶+峡部切除+右VI区淋巴结清扫术+右侧喉返神经探查术+全子宫两附件切除术,手术
1641,结肠癌卵巢转移；结节性甲状腺肿,腹腔镜左半结肠切除术,手术
1642,结肠癌卵巢转移；结节性甲状腺肿,甲状腺右叶+峡部切除+右VI区淋巴结清扫术+右侧喉返神经探查术+全子宫两附件切除术,手术
1643,食管癌,机器人辅助上三切口食管癌根治术,手术
1644,食管低分化鳞状细胞癌,机器人辅助上三切口食管癌根治术,手术
1645,胸下段食管低分化鳞癌（PT3N0M0，IIB）,机器人辅助上三切口食管癌根治术,手术
1646,黏膜上子宫肌瘤,宫腔上子宫肌瘤切除术,手术
1647,子宫肌瘤,宫腔上子宫肌瘤切除术,手术
1648,子宫多发肌瘤,宫腔上子宫肌瘤切除术,手术
1649,子宫肌瘤,宫腔上子宫肌瘤切除术,手术
1650,乙状结肠癌,乙状结肠根治术,手术
1651,不完全性肠梗阻,乙状结肠根治术,手术
1652,肝转移,乙状结肠根治术,手术
1653,肺转移,乙状结肠根治术,手术
1654,肝转移,乙状结肠根治术,手术
1655,肺转移,乙状结肠根治术,手术
1656,肝转移,乙状结肠根治术,手术
1657,升结肠腺癌破裂穿孔致急性弥漫性腹膜炎,剖腹探查+腹腔粘连松解+肠间脓肿引流+升结肠肿瘤切除+末段小肠造口术,手术
1658,（升结肠）中分化管状腺癌,剖腹探查+腹腔粘连松解+肠间脓肿引流+升结肠肿瘤切除+末段小肠造口术,手术
1659,间质瘤,腹腔镜上胃体间质瘤切除术,手术
1660,胃间质瘤,腹腔镜上胃体间质瘤切除术,手术
1661,胃间质瘤术后,腹腔镜上胃体间质瘤切除术,手术
1662,直肠肿瘤,直肠癌根治术（DIXON）+回肠襻氏造瘘+放射粒子置入术,手术
1663,直肠肿瘤术后,直肠癌根治术（DIXON）+回肠襻氏造瘘+放射粒子置入术,手术
1664,隆起型中分化腺癌,升结肠癌根治术,手术
1665,隆起型中分化腺癌,肝RFA,手术
1666,肝多发囊肿,升结肠癌根治术,手术
1667,肝多发囊肿,肝RFA,手术
1668,中分化腺癌,腹腔镜上DIXON术,手术
1669,中分化腺癌,腹腔镜上DIXON术,手术
1670,直肠~结肠癌,腹腔镜上DIXON术,手术
1671,中分化腺癌,腹腔镜上DIXON术,手术
1672,结肠多发息肉,结肠息肉APC术,手术
1673,结肠息肉,结肠息肉APC术,手术
1674,中分化腺癌,左半结肠切除术,手术
1675,左卵巢囊肿,左半结肠切除术,手术
1676,胰腺占位,胰十二指肠切除术,手术
1677,胰腺占位,胰十二指肠切除术,手术
1678,（胰腺）导管粘液腺癌,胰十二指肠切除术,手术
1679,（胰腺）导管粘液腺癌,胰十二指肠切除术,手术
1680,慢性胆囊炎,胰十二指肠切除术,手术
1681,慢性胆囊炎,胰十二指肠切除术,手术
1682,胆囊结石,胰十二指肠切除术,手术
1683,胆囊结石,胰十二指肠切除术,手术
1684,直肠癌同时性右肺两发M,直肠癌根治术,手术
1685,直肠癌同时性右肺两发M,胸腔镜上切除右下肺M切除,手术
1686,直肠癌同时性右肺两发M,伽马刀,手术
1687,直肠癌同时性右肺两发M,回纳术,手术
1688,肺M,直肠癌根治术,手术
1689,肺M,胸腔镜上切除右下肺M切除,手术
1690,肺M,伽马刀,手术
1691,肺M,回纳术,手术
1692,肺M,直肠癌根治术,手术
1693,肺M,胸腔镜上切除右下肺M切除,手术
1694,肺M,伽马刀,手术
1695,肺M,回纳术,手术
1696,肺M,直肠癌根治术,手术
1697,肺M,胸腔镜上切除右下肺M切除,手术
1698,肺M,伽马刀,手术
1699,肺M,回纳术,手术
1700,肺M,直肠癌根治术,手术
1701,肺M,胸腔镜上切除右下肺M切除,手术
1702,肺M,伽马刀,手术
1703,肺M,回纳术,手术
1704,右肺M,直肠癌根治术,手术
1705,右肺M,胸腔镜上切除右下肺M切除,手术
1706,右肺M,伽马刀,手术
1707,右肺M,回纳术,手术
1708,胃癌,远端胃癌根治术,手术
1709,胃窦小弯侧溃疡型低分化腺癌伴印戒细胞癌,远端胃癌根治术,手术
1710,直肠癌伴肝转移,腹腔镜上直肠癌根治术（MILES）,手术
1711,管状腺癌,腹腔镜上直肠癌根治术（MILES）,手术
1712,直肠CA,腹腔镜上直肠癌根治术（MILES）,手术
1713,肝多发小囊肿,腹腔镜上直肠癌根治术（MILES）,手术
1714,右肾小囊肿,腹腔镜上直肠癌根治术（MILES）,手术
1715,中上段直肠癌,腹腔镜上直肠癌根治术（MILES）,手术
1716,大肠乳头状管状腺瘤,腹腔镜上直肠癌根治术（MILES）,手术
1717,低级别下皮内瘤变,腹腔镜上直肠癌根治术（MILES）,手术
1718,高级别下皮内瘤变,腹腔镜上直肠癌根治术（MILES）,手术
1719,直肠癌伴肝转移化疗后术后,腹腔镜上直肠癌根治术（MILES）,手术
1720,直肠溃疡型中-低分化管状腺癌,腹腔镜辅助上探查+直肠癌根治术,手术
1721,肠,腹腔镜辅助上探查+直肠癌根治术,手术
1722,直肠腺癌术后,腹腔镜辅助上探查+直肠癌根治术,手术
1723,直肠癌伴穿孔,剖腹探查+直肠癌根治术（HARTMANN术）+肠粘连松解术,手术
1724,感染性休克,剖腹探查+直肠癌根治术（HARTMANN术）+肠粘连松解术,手术
1725,弥漫性腹膜炎,剖腹探查+直肠癌根治术（HARTMANN术）+肠粘连松解术,手术
1726,（直肠）溃疡型中分化管状腺癌,剖腹探查+直肠癌根治术（HARTMANN术）+肠粘连松解术,手术
1727,直肠癌术后,剖腹探查+直肠癌根治术（HARTMANN术）+肠粘连松解术,手术
1728,胆囊结石、胆囊穿孔、胆总管结石,胆囊穿刺置管引流术,手术
1729,心包积液并心包增厚,胆囊穿刺置管引流术,手术
1730,胆总管结石；胆囊结石并胆囊炎；胆囊穿孔,胆囊穿刺置管引流术,手术
1731,胆囊结石、胆总管结石,胆囊穿刺置管引流术,手术
1732,糖尿病,胆囊穿刺置管引流术,手术
1733,胃体小弯溃疡,腹腔镜辅助，剖腹胃癌根治术,手术
1734,胃CA,腹腔镜辅助，剖腹胃癌根治术,手术
1735,胃窦溃疡溃疡型中分化腺癌,腹腔镜辅助，剖腹胃癌根治术,手术
1736,(横结肠)绒毛状管状腺瘤，III级，（乙状结肠）粘膜急慢性炎症,横结肠腺瘤切除术,手术
1737,横结肠高级别下皮内瘤变,部分恶变(粘膜内癌),横结肠腺瘤切除术,手术
1738,降结肠腺癌,右半结肠切除术,手术
1739,不全性肠梗阻,右半结肠切除术,手术
1740,降结肠中分化腺癌,右半结肠切除术,手术
1741,横结肠结肠溃疡型中分化腺癌,结肠肝区癌切除术,手术
1742,消化道出血原因待查,胃切除术,手术
1743,重度贫血,胃切除术,手术
1744,肝硬化,胃切除术,手术
1745,慢性丙型肝炎,胃切除术,手术
1746,胃底静脉曲张,胃切除术,手术
1747,静脉曲张,胃切除术,手术
1748,十二指肠球炎,胃切除术,手术
1749,下消化道出血原因不能明确,胃切除术,手术
1750,胃早癌,胃切除术,手术
1751,胃早癌,胃切除术,手术
1752,胃癌,胃切除术,手术
1753,降结肠癌,右半结肠切除术,手术
1754,不全肠梗阻,右半结肠切除术,手术
1755,肝转移,右半结肠切除术,手术
1756,肺转移,右半结肠切除术,手术
1757,进展期结肠癌：浸润溃疡型，中分化腺癌,右半结肠切除术,手术
1758,原发性肝癌,肝癌切除术+胆囊切除术+门静脉置泵术,手术
1759,原发性肝癌,左肺肿瘤射频消融术,手术
1760,低分化肝细胞肝癌,肝癌切除术+胆囊切除术+门静脉置泵术,手术
1761,低分化肝细胞肝癌,左肺肿瘤射频消融术,手术
1762,肺转移瘤,肝癌切除术+胆囊切除术+门静脉置泵术,手术
1763,肺转移瘤,左肺肿瘤射频消融术,手术
1764,肝癌术后,肝癌切除术+胆囊切除术+门静脉置泵术,手术
1765,肝癌术后,左肺肿瘤射频消融术,手术
1766,两肺多发转移瘤,肝癌切除术+胆囊切除术+门静脉置泵术,手术
1767,两肺多发转移瘤,左肺肿瘤射频消融术,手术
1768,慢性非萎缩性胃炎,胃癌根治术（毕I式）,手术
1769,胃角溃疡,胃癌根治术（毕I式）,手术
1770,（胃窦）腺癌,胃癌根治术（毕I式）,手术
1771,胃角）高级别下皮内瘤变（重度异型增生）,胃癌根治术（毕I式）,手术
1772,胃癌术后,胃癌根治术（毕I式）,手术
1773,肝脏小囊肿,胃癌根治术（毕I式）,手术
1774,胆囊炎,胃癌根治术（毕I式）,手术
1775,胃癌,胃癌根治术（毕I式）,手术
1776,子宫内膜混合性癌,全子宫+两附件切除+盆腔淋巴结清扫术+肠粘连分解术,手术
1777,子宫内膜浆液性癌,全子宫+两附件切除+盆腔淋巴结清扫术+肠粘连分解术,手术
1778,转移性子宫浆液性癌,全子宫+两附件切除+盆腔淋巴结清扫术+肠粘连分解术,手术
1779,慢性胃炎,胃镜上氩气刀胃体息肉切除术,手术
1780,胃体多发性小息肉,胃镜上氩气刀胃体息肉切除术,手术
1781,慢性非萎缩性胃炎,胃镜上氩气刀胃体息肉切除术,手术
1782,胃体息肉,胃镜上氩气刀胃体息肉切除术,手术
1783,直肠癌放疗后,腹腔镜辅助直肠癌低位前切除，末段回肠预防性造口联合右侧卵巢切除术,手术
1784,输卵管副中肾管囊肿,腹腔镜辅助直肠癌低位前切除，末段回肠预防性造口联合右侧卵巢切除术,手术
1785,直肠癌肝转移,直肠癌手术（本院）,手术
1786,肝转移,直肠癌手术（本院）,手术
1787,肝脏多发转移,直肠癌手术（本院）,手术
1788,腺瘤,胰十二指肠切除术,手术
1789,腺癌,胰十二指肠切除术,手术
1790,十二指肠乳头中分化腺癌,胰十二指肠切除术,手术
1791,结肠溃疡型中高分化腺癌，部分粘液腺癌,右半结肠切除术,手术
1792,血管瘤,右半结肠切除术,手术
1793,胃窦癌,胃癌根治术,手术
1794,胃窦癌,ERCP胆道支架植入术,手术
1795,中分化腺癌,胃癌根治术,手术
1796,中分化腺癌,ERCP胆道支架植入术,手术
1797,AST,胃癌根治术,手术
1798,AST,ERCP胆道支架植入术,手术
1799,ALT,胃癌根治术,手术
1800,ALT,ERCP胆道支架植入术,手术
1801,胆红素,胃癌根治术,手术
1802,胆红素,ERCP胆道支架植入术,手术
1803,总胆汁酸,胃癌根治术,手术
1804,总胆汁酸,ERCP胆道支架植入术,手术
1805,ALT,胃癌根治术,手术
1806,ALT,ERCP胆道支架植入术,手术
1807,AST,胃癌根治术,手术
1808,AST,ERCP胆道支架植入术,手术
1809,胆红素,胃癌根治术,手术
1810,胆红素,ERCP胆道支架植入术,手术
1811,胆汁酸,胃癌根治术,手术
1812,胆汁酸,ERCP胆道支架植入术,手术
1813,白细胞,胃癌根治术,手术
1814,白细胞,ERCP胆道支架植入术,手术
1815,血红素,胃癌根治术,手术
1816,血红素,ERCP胆道支架植入术,手术
1817,血小板,胃癌根治术,手术
1818,血小板,ERCP胆道支架植入术,手术
1819,晚期胃癌,胃癌根治术,手术
1820,晚期胃癌,ERCP胆道支架植入术,手术
1821,进展期直肠癌，粘液腺瘤及中分化管状腺癌,直肠癌低位前切除术,手术
1822,贫血,降结肠根治术,手术
1823,肠梗阻,降结肠根治术,手术
1824,（降结肠）中分化绒毛状管状腺癌，伴部分粘液腺癌及部分印戒细胞癌,降结肠根治术,手术
1825,中分化腺癌伴黏液腺癌,降结肠根治术,手术
1826,粘液腺癌,降结肠根治术,手术
1827,中分化腺癌,乙状结肠癌根治术,手术
1828,中分化腺癌,直肠癌低位前切除术,手术
1829,中分化腺癌,吻合口扩张,手术
1830,中分化腺癌,内镜上切除肛管病变,手术
1831,升结肠）管状腺瘤，I级,乙状结肠癌根治术,手术
1832,升结肠）管状腺瘤，I级,直肠癌低位前切除术,手术
1833,升结肠）管状腺瘤，I级,吻合口扩张,手术
1834,升结肠）管状腺瘤，I级,内镜上切除肛管病变,手术
1835,直肠（切除）浸润性中分化腺癌,乙状结肠癌根治术,手术
1836,直肠（切除）浸润性中分化腺癌,直肠癌低位前切除术,手术
1837,直肠（切除）浸润性中分化腺癌,吻合口扩张,手术
1838,直肠（切除）浸润性中分化腺癌,内镜上切除肛管病变,手术
1839,绒毛状腺瘤,乙状结肠癌根治术,手术
1840,绒毛状腺瘤,直肠癌低位前切除术,手术
1841,绒毛状腺瘤,吻合口扩张,手术
1842,绒毛状腺瘤,内镜上切除肛管病变,手术
1843,直肠癌,结肠癌根治术,手术
1844,盆腔囊性占位,腹腔镜镜上卵巢囊肿剥除术,手术
1845,卵巢囊腺瘤,腹腔镜镜上卵巢囊肿剥除术,手术
1846,卵巢肿瘤,腹腔镜镜上卵巢囊肿剥除术,手术
1847,卵巢颗粒细胞瘤,腹腔镜镜上卵巢囊肿剥除术,手术
1848,脾脏切除术后,B超引导上左颈部肿物粗针活检术,手术
1849,淋巴结结核病,B超引导上左颈部肿物粗针活检术,手术
1850,食管中段早癌、贲门癌,B超引导上左颈部肿物粗针活检术,手术
1851,高级别下皮内瘤变,B超引导上左颈部肿物粗针活检术,手术
1852,鳞状细胞轻度增生并局灶高级别下皮内瘤变,B超引导上左颈部肿物粗针活检术,手术
1853,贲门癌伴肝脏、盆底种植、多发淋巴结转移,B超引导上左颈部肿物粗针活检术,手术
1854,食管癌,B超引导上左颈部肿物粗针活检术,手术
1855,贲门癌IV期,B超引导上左颈部肿物粗针活检术,手术
1856,贲门癌,B超引导上左颈部肿物粗针活检术,手术
1857,子宫内膜腺癌I级,宫腔诊刮术,手术
1858,子宫内膜腺癌I级,全宫+两附件+盆腔淋巴结清扫术,手术
1859,浆液性腺癌并子宫内膜样腺癌,宫腔诊刮术,手术
1860,浆液性腺癌并子宫内膜样腺癌,全宫+两附件+盆腔淋巴结清扫术,手术
1861,子宫平滑肌肉瘤,经腹子宫+两附件+盆腔淋巴结清扫+大网膜部分切除术,手术
1862,（子宫）平滑肌肉瘤,经腹子宫+两附件+盆腔淋巴结清扫+大网膜部分切除术,手术
1863,慢性宫颈炎伴腺体鳞化,经腹子宫+两附件+盆腔淋巴结清扫+大网膜部分切除术,手术
1864,子宫平滑肌瘤,经腹子宫+两附件+盆腔淋巴结清扫+大网膜部分切除术,手术
1865,（两侧）输卵管急慢性炎，卵巢黄体，左侧卵巢并单纯性囊肿,经腹子宫+两附件+盆腔淋巴结清扫+大网膜部分切除术,手术
1866,子宫平滑肌肉瘤,经腹子宫+两附件+盆腔淋巴结清扫+大网膜部分切除术,手术
1867,腺癌,腹腔镜DIXON+回肠造瘘术,手术
1868,直肠癌,腹腔镜DIXON+回肠造瘘术,手术
1869,中分化腺癌,腹腔镜DIXON+回肠造瘘术,手术
1870,盲肠癌,左半结肠癌根治术,手术
1871,回盲部中低分化腺癌，部分伴粘液腺癌分化,左半结肠癌根治术,手术
1872,口腔溃疡,左半结肠癌根治术,手术
1873,腺癌,剖腹探查+术中灌肠+DIXON+阑尾切除术,手术
1874,腺癌,肝转移瘤切除术,手术
1875,乙状结肠癌,剖腹探查+术中灌肠+DIXON+阑尾切除术,手术
1876,乙状结肠癌,肝转移瘤切除术,手术
1877,肝转移瘤,剖腹探查+术中灌肠+DIXON+阑尾切除术,手术
1878,肝转移瘤,肝转移瘤切除术,手术
1879,直肠中至低分化腺癌,剖腹探查+术中灌肠+DIXON+阑尾切除术,手术
1880,直肠中至低分化腺癌,肝转移瘤切除术,手术
1881,直肠癌术后,剖腹探查+术中灌肠+DIXON+阑尾切除术,手术
1882,直肠癌术后,肝转移瘤切除术,手术
1883,肝脏转移瘤,剖腹探查+术中灌肠+DIXON+阑尾切除术,手术
1884,肝脏转移瘤,肝转移瘤切除术,手术
1885,直肠腺癌肝转移,剖腹探查+术中灌肠+DIXON+阑尾切除术,手术
1886,直肠腺癌肝转移,肝转移瘤切除术,手术
1887,肝S2肿瘤中分化腺癌,剖腹探查+术中灌肠+DIXON+阑尾切除术,手术
1888,肝S2肿瘤中分化腺癌,肝转移瘤切除术,手术
1889,直肠腺癌肝转移,剖腹探查+术中灌肠+DIXON+阑尾切除术,手术
1890,直肠腺癌肝转移,肝转移瘤切除术,手术
1891,肝S8肿瘤,剖腹探查+术中灌肠+DIXON+阑尾切除术,手术
1892,肝S8肿瘤,肝转移瘤切除术,手术
1893,中分化腺癌,剖腹探查+术中灌肠+DIXON+阑尾切除术,手术
1894,中分化腺癌,肝转移瘤切除术,手术
1895,直肠腺癌肝转移,剖腹探查+术中灌肠+DIXON+阑尾切除术,手术
1896,直肠腺癌肝转移,肝转移瘤切除术,手术
1897,左胸腔积液,剖腹探查+术中灌肠+DIXON+阑尾切除术,手术
1898,左胸腔积液,肝转移瘤切除术,手术
1899,左上肺不张合并感染,剖腹探查+术中灌肠+DIXON+阑尾切除术,手术
1900,左上肺不张合并感染,肝转移瘤切除术,手术
1901,直肠癌肝转移术后化疗后,剖腹探查+术中灌肠+DIXON+阑尾切除术,手术
1902,直肠癌肝转移术后化疗后,肝转移瘤切除术,手术
1903,直肠癌多发转移化疗后,剖腹探查+术中灌肠+DIXON+阑尾切除术,手术
1904,直肠癌多发转移化疗后,肝转移瘤切除术,手术
1905,贲门低分化腺癌,根治性全胃切除术,手术
1906,(胃)低分化腺癌，(淋巴结)淋巴结转移癌,根治性全胃切除术,手术
1907,骨髓抑制,根治性全胃切除术,手术
1908,乙状结肠腺瘤,肠镜上腺瘤电切术,手术
1909,乙状结肠绒毛状腺瘤（II级）,肠镜上腺瘤电切术,手术
1910,幽门型粘膜慢性萎缩性炎伴轻度肠化,肠镜上腺瘤电切术,手术
1911,子宫纵隔,宫腔镜子宫纵隔电切术,手术
1912,低度鳞状下皮内病变,宫腔镜子宫纵隔电切术,手术
1913,慢性宫颈炎,宫腔镜子宫纵隔电切术,手术
1914,低级别鳞状下皮内病变,宫腔镜子宫纵隔电切术,手术
1915,高级别鳞状下皮内瘤变（CINII）,宫腔镜子宫纵隔电切术,手术
1916,高级别鳞状下皮内病变（CINII）,宫腔镜子宫纵隔电切术,手术
1917,宫颈病变,宫腔镜子宫纵隔电切术,手术
1918,肺部结节,植入支架,手术
1919,肺部结节,植入支架,手术
1920,左肺上叶近肺门处及左肺上叶后基底段占位性病变，代谢活性增高，考虑恶性肿瘤可能,植入支架,手术
1921,急性上壁、后壁、左室心肌梗死,植入支架,手术
1922,冠心病,植入支架,手术
1923,宫颈中分化鳞癌,广泛性全子宫＋两附件切除术＋盆腔淋巴结清扫术,手术
1924,宫颈鳞状细胞癌IB1期,广泛性全子宫＋两附件切除术＋盆腔淋巴结清扫术,手术
1925,宫颈鳞癌,广泛性全子宫＋两附件切除术＋盆腔淋巴结清扫术,手术
1926,HCC,肝部分切除及胆囊切除术,手术
1927,左叶肝细胞性肝癌，中分化,肝部分切除及胆囊切除术,手术
1928,腹膜后LNM,肝部分切除及胆囊切除术,手术
1929,腹膜后LNM,肝部分切除及胆囊切除术,手术
1930,肝转移,开腹探查，直肠癌切除，结肠造瘘术,手术
1931,肝转移,肝转移灶射频消融术,手术
1932,直肠溃疡型中分化腺癌,开腹探查，直肠癌切除，结肠造瘘术,手术
1933,直肠溃疡型中分化腺癌,肝转移灶射频消融术,手术
1934,内膜异位症,卵巢癌分期术,手术
1935,子宫中分化子宫内膜样腺癌,卵巢癌分期术,手术
1936,右卵巢中分化子宫内膜样腺癌,卵巢癌分期术,手术
1937,阑尾慢性炎,卵巢癌分期术,手术
1938,胃体溃疡型管状腺癌2-3级,腹腔镜上根治性全胃切除术ROUX-EN-YD2R0,手术
1939,胃癌术后,腹腔镜上根治性全胃切除术ROUX-EN-YD2R0,手术
1940,胃癌伴出血,胃癌根治术+区域淋巴结清扫+横结肠肠段切除+放射性粒子植入术,手术
1941,（胃大弯、小弯）溃疡型中分化管状腺癌,胃癌根治术+区域淋巴结清扫+横结肠肠段切除+放射性粒子植入术,手术
1942,低分化腺癌,胃癌D2根治术,手术
1943,肝S3转移瘤,胃癌D2根治术,手术
1944,肝门区及腹膜后淋巴结转移,胃癌D2根治术,手术
1945,吻合口炎,胃癌D2根治术,手术
1946,肝S3转移,胃癌D2根治术,手术
1947,肝门区及腹膜后淋巴结转移,胃癌D2根治术,手术
1948,宫颈癌,广泛子宫全切+腹主动脉旁淋巴结取样+盆腔淋巴结切除+两侧卵巢悬吊,手术
1949,中分化鳞状细胞癌,广泛子宫全切+腹主动脉旁淋巴结取样+盆腔淋巴结切除+两侧卵巢悬吊,手术
1950,结肠锯齿状腺瘤,直肠癌前切除术,手术
1951,结肠腺癌（中分化）,直肠癌前切除术,手术
1952,进展期直肠癌：浸润溃疡型，中分化管状腺癌,直肠癌前切除术,手术
1953,腹主动脉粥样硬化,胆囊切除术,手术
1954,急性胆管炎,胆囊切除术,手术
1955,中分化腺癌,直肠癌根治术,手术
1956,绒毛状管状腺瘤,直肠癌根治术,手术
1957,直肠癌术后复发,直肠癌根治术,手术
1958,直肠癌术后盆腔复发,直肠癌根治术,手术
1959,小肠不全梗阻,直肠癌根治术,手术
1960,横结肠腺癌,腹腔镜上横结肠切除手术,手术
1961,中分化腺癌,腹腔镜上横结肠切除手术,手术
1962,中分化腺癌,腹腔镜上横结肠切除手术,手术
1963,肝癌,肝癌切除+胆囊切除+胆管旁淋巴结切除术,手术
1964,低分化鳞癌,肝癌切除+胆囊切除+胆管旁淋巴结切除术,手术
1965,混合性肝细胞癌（肝细胞性肝癌与胆管细胞癌混合）,肝癌切除+胆囊切除+胆管旁淋巴结切除术,手术
1966,右侧肩胛骨转移,肝癌切除+胆囊切除+胆管旁淋巴结切除术,手术
1967,直肠粘膜黑色素瘤合并印戒细胞癌,直肠腹会阴联合切除,手术
1968,直肠恶性黑色素瘤，并印戒细胞癌,直肠腹会阴联合切除,手术
1969,恶性黑色素瘤,直肠腹会阴联合切除,手术
1970,印戒细胞癌,直肠腹会阴联合切除,手术
1971,恶性黑色素瘤转移,直肠腹会阴联合切除,手术
1972,恶性黑色素瘤,直肠腹会阴联合切除,手术
1973,印戒细胞癌,直肠腹会阴联合切除,手术
1974,直肠肿瘤,直肠腹会阴联合切除,手术
1975,印戒细胞癌,直肠腹会阴联合切除,手术
1976,印戒细胞癌,直肠腹会阴联合切除,手术
1977,黑色素瘤,直肠腹会阴联合切除,手术
1978,黑色素瘤,直肠腹会阴联合切除,手术
1979,印戒细胞癌,直肠腹会阴联合切除,手术
1980,子宫粘膜上肌瘤,宫腔镜上子宫粘膜上肿物切除术,手术
1981,骨外尤文肉瘤/原始神经外胚叶肿瘤（ES/PNET）,宫腔镜上子宫粘膜上肿物切除术,手术
1982,（宫颈）小圆细胞恶性肿瘤,宫腔镜上子宫粘膜上肿物切除术,手术
1983,尤文肉瘤,宫腔镜上子宫粘膜上肿物切除术,手术
1984,子宫肉瘤术后,宫腔镜上子宫粘膜上肿物切除术,手术
1985,胃癌,胃癌姑息性切除术,手术
1986,胃癌,胃大部切除后行毕II式吻合,手术
1987,胃癌,胃癌姑息性切除术,手术
1988,胃癌,胃大部切除后行毕II式吻合,手术
1989,胃癌,胃癌姑息性切除术,手术
1990,胃癌,胃大部切除后行毕II式吻合,手术
1991,胃窦癌伴不全梗阻,胃癌姑息性切除术,手术
1992,胃窦癌伴不全梗阻,胃大部切除后行毕II式吻合,手术
1993,胃中至低分化腺癌（LAUREN，分型：混合型）,胃癌姑息性切除术,手术
1994,胃中至低分化腺癌（LAUREN，分型：混合型）,胃大部切除后行毕II式吻合,手术
1995,乙状结肠中分化腺癌,乙状结肠癌根治术,手术
1996,直肠癌,腹腔镜上直肠癌根治术（MILES）＋放射粒子植入术,手术
1997,直肠蕈样型中分化管状腺癌,腹腔镜上直肠癌根治术（MILES）＋放射粒子植入术,手术
1998,EGJ中低分化腺癌伴印戒细胞癌，混合型,ESD,手术
1999,EGJ中低分化腺癌伴印戒细胞癌，混合型,全胃切除术,手术
2000,十二指肠降部SMT,ESD,手术
2001,十二指肠降部SMT,全胃切除术,手术
2002,绒毛状管状腺瘤,ESD,手术
2003,绒毛状管状腺瘤,全胃切除术,手术
2004,中低分化腺癌伴印戒细胞癌，混合型,ESD,手术
2005,中低分化腺癌伴印戒细胞癌，混合型,全胃切除术,手术
2006,腹腔积液,胰腺肿瘤射频消融、无水酒精注射+胆总管十二指肠吻合，胃空肠吻合+胆囊切除术,手术
2007,腹腔积液,腹腔穿刺术+闭式引流,手术
2008,胰腺肿瘤,胰腺肿瘤射频消融、无水酒精注射+胆总管十二指肠吻合，胃空肠吻合+胆囊切除术,手术
2009,胰腺肿瘤,腹腔穿刺术+闭式引流,手术
2010,息肉,宫腔镜上子宫内膜息肉切除术,手术
2011,消化道出血原因待查,胃切除术,手术
2012,重度贫血,胃切除术,手术
2013,肝硬化,胃切除术,手术
2014,慢性丙型肝炎,胃切除术,手术
2015,胃底静脉曲张,胃切除术,手术
2016,静脉曲张,胃切除术,手术
2017,十二指肠球炎,胃切除术,手术
2018,下消化道出血,胃切除术,手术
2019,胃早癌,胃切除术,手术
2020,胃早癌,胃切除术,手术
2021,下消化道出血,胃切除术,手术
2022,胃癌伴出血,胃切除术,手术
2023,肝硬化,胃切除术,手术
2024,乙状结肠中分化腺癌,DIXON术,手术
2025,宫内孕不全流产,清宫,手术
2026,宫内孕不全流产,腹腔镜宫颈癌根治术,手术
2027,低分化鳞癌,清宫,手术
2028,低分化鳞癌,腹腔镜宫颈癌根治术,手术
2029,低分化鳞癌,清宫,手术
2030,低分化鳞癌,腹腔镜宫颈癌根治术,手术
2031,低分化癌,清宫,手术
2032,低分化癌,腹腔镜宫颈癌根治术,手术
2033,子宫切除术后,清宫,手术
2034,子宫切除术后,腹腔镜宫颈癌根治术,手术
2035,胰头癌,胃多发息肉切除术,手术
2036,胰头癌,胰十二指肠切除术,手术
2037,胰头癌,胰十二指肠切除术,手术
2038,胰腺占位：胰腺癌,胃多发息肉切除术,手术
2039,胰腺占位：胰腺癌,胰十二指肠切除术,手术
2040,胰腺占位：胰腺癌,胰十二指肠切除术,手术
2041,慢性胃炎,胃多发息肉切除术,手术
2042,慢性胃炎,胰十二指肠切除术,手术
2043,慢性胃炎,胰十二指肠切除术,手术
2044,原发性高血压3级 很高危,胃多发息肉切除术,手术
2045,原发性高血压3级 很高危,胰十二指肠切除术,手术
2046,原发性高血压3级 很高危,胰十二指肠切除术,手术
2047,胰头低分化导管腺癌,胃多发息肉切除术,手术
2048,胰头低分化导管腺癌,胰十二指肠切除术,手术
2049,胰头低分化导管腺癌,胰十二指肠切除术,手术
2050,前列腺增生,两侧睾丸切除术,手术
2051,左肾囊肿,两侧睾丸切除术,手术
2052,良性前列腺增生,两侧睾丸切除术,手术
2053,窦性心动过缓,两侧睾丸切除术,手术
2054,前列腺腺癌,两侧睾丸切除术,手术
2055,胸12椎体，骶骨转移,两侧睾丸切除术,手术
2056,前列腺增生,两侧睾丸切除术,手术
2057,宫颈癌,宫颈癌根治术+两侧输卵管切除术+两侧卵巢悬吊术,手术
2058,CINIII,宫颈癌根治术+两侧输卵管切除术+两侧卵巢悬吊术,手术
2059,子宫平滑肌瘤,宫颈癌根治术+两侧输卵管切除术+两侧卵巢悬吊术,手术
2060,乳头状鳞状细胞癌,宫颈癌根治术+两侧输卵管切除术+两侧卵巢悬吊术,手术
2061,胃癌,全胃切除术,手术
2062,胃未分化癌，部分低分化癌,全胃切除术,手术
2063,胃低分化腺癌，大部分为印戒细胞癌,全胃切除术,手术
2064,贫血,全胃切除术,手术
2065,盲肠腺癌,根治性左半结肠切除+区域淋巴结清扫术,手术
2066,肠梗阻,根治性左半结肠切除+区域淋巴结清扫术,手术
2067,（盲肠）低分化腺癌（含印戒细胞癌成分）,根治性左半结肠切除+区域淋巴结清扫术,手术
2068,弥漫大B细胞淋巴瘤，非GCB亚型,升结肠肿物切除术,手术
2069,弥漫大B细胞淋巴瘤回盲部切除术后,升结肠肿物切除术,手术
2070,回盲部术后,升结肠肿物切除术,手术
2071,（回盲部）弥漫大B细胞淋巴瘤，非GCB亚型IA期,升结肠肿物切除术,手术
2072,腹腔肿物：左侧卵巢癌,卵巢癌肿瘤细胞减灭术（盆腔巨大肿物切除术+子宫两附件切除+盆腔淋巴结清扫+大网膜切除+腹主动脉旁淋巴结活检术）,手术
2073,（左卵巢）高级别浆液性腺癌,卵巢癌肿瘤细胞减灭术（盆腔巨大肿物切除术+子宫两附件切除+盆腔淋巴结清扫+大网膜切除+腹主动脉旁淋巴结活检术）,手术
2074,卵巢高级别浆液性腺癌IIIA1（II）期,卵巢癌肿瘤细胞减灭术（盆腔巨大肿物切除术+子宫两附件切除+盆腔淋巴结清扫+大网膜切除+腹主动脉旁淋巴结活检术）,手术
2075,消化道出血原因待查,胃切除术,手术
2076,重度贫血,胃切除术,手术
2077,肝硬化,胃切除术,手术
2078,慢性丙型肝炎,胃切除术,手术
2079,胃底静脉曲张,胃切除术,手术
2080,静脉曲张,胃切除术,手术
2081,十二指肠球炎,胃切除术,手术
2082,下消化道出血原因不能明确,胃切除术,手术
2083,胃早癌,胃切除术,手术
2084,胃早癌,胃切除术,手术
2085,胃癌,胃切除术,手术
2086,贫血,胃切除术,手术
2087,慢性萎缩性胃炎,结肠多发息肉镜上切除,手术
2088,食管裂孔疝,结肠多发息肉镜上切除,手术
2089,（胃窦）慢性萎缩性胃炎（中度）,结肠多发息肉镜上切除,手术
2090,（结肠肝曲、降结肠）腺管状腺瘤,结肠多发息肉镜上切除,手术
2091,结肠息肉,结肠多发息肉镜上切除,手术
2092,中分化腺癌,左半结肠切除术+有附件切除术,手术
2093,（升结肠）中分化腺癌,左半结肠切除术+有附件切除术,手术
2094,结肠癌转移,左半结肠切除术+有附件切除术,手术
2095,乙状结肠腺癌,腹腔镜DIXON术，左侧附件切除术,手术
2096,直肠下段癌晚期，肝转移,腹腔镜DIXON术，左侧附件切除术,手术
2097,(直肠)溃疡型腺癌，分化III级,腹腔镜DIXON术，左侧附件切除术,手术
2098,乙状结肠MT,腹腔镜DIXON术，左侧附件切除术,手术
2099,肝内多发转移瘤,腹腔镜DIXON术，左侧附件切除术,手术
2100,；肝、两肾多发小囊肿,腹腔镜DIXON术，左侧附件切除术,手术
2101,乳头状肿瘤,腹腔镜上盆腔粘连分离术、右侧输卵管切除术、左侧卵巢囊肿剥除术、腹膜病灶活检术,手术
2102,（左卵巢）子宫内膜异位囊肿,腹腔镜上盆腔粘连分离术、右侧输卵管切除术、左侧卵巢囊肿剥除术、腹膜病灶活检术,手术
2103,腹膜恶性间皮瘤,腹腔镜上盆腔粘连分离术、右侧输卵管切除术、左侧卵巢囊肿剥除术、腹膜病灶活检术,手术
2104,胃癌,胃癌根治术,手术
2105,阑尾炎,胃癌根治术,手术
2106,肝内胆管扩张,胃癌根治术,手术
2107,胆管中段狭窄,胃癌根治术,手术
2108,肝内外胆管扩张,胃癌根治术,手术
2109,胆总管中段狭窄,胃癌根治术,手术
2110,胃病,左半结肠切除+WIPPLE术,手术
2111,肝曲结肠癌,左半结肠切除+WIPPLE术,手术
2112,结肠中至低分化管状腺癌,左半结肠切除+WIPPLE术,手术
2113,印戒细胞癌,左半结肠切除+WIPPLE术,手术
2114,LYNCH综合征,左半结肠切除+WIPPLE术,手术
2115,中分化腺癌,左半结肠切除术+回肠减压”术,手术
2116,肠中至低分化腺癌,左半结肠切除术+回肠减压”术,手术
2117,粘液腺癌,左半结肠切除术+回肠减压”术,手术
2118,腺癌转移,左半结肠切除术+回肠减压”术,手术
2119,印戒细胞癌,乙状结肠癌切除+两侧附件占位切除,手术
2120,腺癌,乙状结肠切除术,手术
2121,中分化腺癌,乙状结肠切除术,手术
2122,乙状结肠癌（PT3N1M0）,乙状结肠切除术,手术
2123,乙状结肠腺癌,腹腔镜DIXON术,手术
2124,肝肺多发转移,腹腔镜DIXON术,手术
2125,卵巢癌及淋巴结转移,左侧卵巢癌手术，两侧附件及子宫切除,手术
2126,腹膜后淋巴结转移,左侧卵巢癌手术，两侧附件及子宫切除,手术
2127,浅表性胃窦炎伴糜烂,结肠息肉摘除术,手术
2128,结肠多发息肉,结肠息肉摘除术,手术
2129,转移性腺癌,全子宫+右附件手术切除,手术
2130,淋巴结转移性低分化腺癌,全子宫+右附件手术切除,手术
2131,转移性低分化腺癌,全子宫+右附件手术切除,手术
2132,慢性萎缩性胃炎,内镜上直肠息肉切除术,手术
2133,直肠多发息肉,内镜上直肠息肉切除术,手术
2134,大肠乳头状管状腺瘤,内镜上直肠息肉切除术,手术
2135,管状腺癌II级,内镜上直肠息肉切除术,手术
2136,直肠癌,内镜上直肠息肉切除术,手术
2137,直肠恶性肿瘤,直肠癌根治术,手术
2138,腹腔脓肿,直肠癌根治术,手术
2139,不完全肠梗阻,直肠癌根治术,手术
2140,右上肢大隐静脉曲张,右侧髂静脉球囊扩张成形术,手术
2141,右上肢大隐静脉曲张,支架置入术,手术
2142,右侧髂静脉压迫综合征,右侧髂静脉球囊扩张成形术,手术
2143,右侧髂静脉压迫综合征,支架置入术,手术
2144,髂静脉压迫综合征,右侧髂静脉球囊扩张成形术,手术
2145,髂静脉压迫综合征,支架置入术,手术
2146,右上肢大隐静脉曲张,右侧髂静脉球囊扩张成形术,手术
2147,右上肢大隐静脉曲张,支架置入术,手术
2148,右上肢静脉曲张伴溃疡感染,右侧髂静脉球囊扩张成形术,手术
2149,右上肢静脉曲张伴溃疡感染,支架置入术,手术
2150,消化道出血原因待查,胃切除术,手术
2151,重度贫血,胃切除术,手术
2152,肝硬化,胃切除术,手术
2153,慢性丙型肝炎,胃切除术,手术
2154,胃底静脉曲张,胃切除术,手术
2155,静脉曲张,胃切除术,手术
2156,十二指肠球炎,胃切除术,手术
2157,下消化道出血原因不能明确,胃切除术,手术
2158,胃早癌,胃切除术,手术
2159,胃早癌,胃切除术,手术
2160,丙肝后肝硬化,胃切除术,手术
2161,胃癌,胃切除术,手术
2162,失血性贫血,胃切除术,手术
2163,肝脏原发性巨块型中分化肝细胞癌,胆囊切除+右半肝切除+门静脉切开取栓术,手术
2164,肝脏原发性巨块型中分化肝细胞癌,TACE,手术
2165,结节性肝硬化,胆囊切除+右半肝切除+门静脉切开取栓术,手术
2166,结节性肝硬化,TACE,手术
2167,肝癌术后复发,胆囊切除+右半肝切除+门静脉切开取栓术,手术
2168,肝癌术后复发,TACE,手术
2169,肝癌,肝癌切除术+胆囊切除术,手术
2170,肝癌,肝肿物微波固化术,手术
2171,肝癌,肝肿瘤微波消融,手术
2172,中至低分化肝细胞肝癌,肝癌切除术+胆囊切除术,手术
2173,中至低分化肝细胞肝癌,肝肿物微波固化术,手术
2174,中至低分化肝细胞肝癌,肝肿瘤微波消融,手术
2175,肝硬化,肝癌切除术+胆囊切除术,手术
2176,肝硬化,肝肿物微波固化术,手术
2177,肝硬化,肝肿瘤微波消融,手术
2178,胃窦溃疡,胃癌根治术,手术
2179,胃癌,胃癌根治术,手术
2180,胃腺癌,胃癌根治术,手术
2181,卵巢腺癌,全子宫、两附件、大网膜及阑尾切除术,手术
2182,卵巢腺癌,肝动脉化疗栓塞术,手术
2183,卵巢腺癌,经皮肝穿胆道引流术,手术
2184,移行细胞癌,全子宫、两附件、大网膜及阑尾切除术,手术
2185,移行细胞癌,肝动脉化疗栓塞术,手术
2186,移行细胞癌,经皮肝穿胆道引流术,手术
2187,浆液性腺癌,全子宫、两附件、大网膜及阑尾切除术,手术
2188,浆液性腺癌,肝动脉化疗栓塞术,手术
2189,浆液性腺癌,经皮肝穿胆道引流术,手术
2190,肝转移,全子宫、两附件、大网膜及阑尾切除术,手术
2191,肝转移,肝动脉化疗栓塞术,手术
2192,肝转移,经皮肝穿胆道引流术,手术
2193,肝癌,TACE术,手术
2194,肝癌,肝癌切除+胆囊切除术,手术
2195,肝癌,肝动脉栓塞化疗（TACE）术,手术
2196,中分化肝细胞性肝癌,TACE术,手术
2197,中分化肝细胞性肝癌,肝癌切除+胆囊切除术,手术
2198,中分化肝细胞性肝癌,肝动脉栓塞化疗（TACE）术,手术
2199,肝癌,TACE术,手术
2200,肝癌,肝癌切除+胆囊切除术,手术
2201,肝癌,肝动脉栓塞化疗（TACE）术,手术
2202,肾功能不全,右前臂动静脉内瘘成形术及左颈内静脉置管术,手术
2203,高血压肾病,右前臂动静脉内瘘成形术及左颈内静脉置管术,手术
2204,慢性肾脏病5期,右前臂动静脉内瘘成形术及左颈内静脉置管术,手术
2205,肾性贫血,右前臂动静脉内瘘成形术及左颈内静脉置管术,手术
2206,胃窦部腺癌伴腹腔LNM,胃癌姑息切除术,手术
2207,胃窦部腺癌伴腹腔LNM,全胃+D2,手术
2208,右锁骨下LNM,胃癌姑息切除术,手术
2209,右锁骨下LNM,全胃+D2,手术
2210,胃体小弯侧溃疡型低分化腺癌,胃癌姑息切除术,手术
2211,胃体小弯侧溃疡型低分化腺癌,全胃+D2,手术
2212,骨髓抑制,胃癌姑息切除术,手术
2213,骨髓抑制,全胃+D2,手术
2214,骨髓抑制,胃癌姑息切除术,手术
2215,骨髓抑制,全胃+D2,手术
2216,直肠癌肝转移,直肠癌根治+肝转移瘤切除术,手术
2217,直肠癌肝转移,肝转移瘤RFA术,手术
2218,直肠癌肝转移,RFA术,手术
2219,肝转移瘤,直肠癌根治+肝转移瘤切除术,手术
2220,肝转移瘤,肝转移瘤RFA术,手术
2221,肝转移瘤,RFA术,手术
2222,肝门胆管癌,内镜上胆管支架置入术,手术
2223,梗阻性黄疸,内镜上胆管支架置入术,手术
2224,梗阻性黄疸,内镜上胆管支架置入术,手术
2225,右肾小囊肿,根治性右半结肠切除术,手术
2226,右肾小囊肿,空肠部分切除术,手术
2227,降结肠占位,根治性右半结肠切除术,手术
2228,降结肠占位,空肠部分切除术,手术
2229,（结肠）中低分化腺癌,根治性右半结肠切除术,手术
2230,（结肠）中低分化腺癌,空肠部分切除术,手术
2231,中低分化腺癌,胃癌根治术+肝转移切除,手术
2232,低分化腺癌,胃癌根治术+肝转移切除,手术
2233,肝转移低分化腺癌,胃癌根治术+肝转移切除,手术
2234,肝门区及胃小弯淋巴结转移，肝多发转移瘤,胃癌根治术+肝转移切除,手术
2235,HFS,胃癌根治术+肝转移切除,手术
2236,肝转移,胃癌根治术+肝转移切除,手术
2237,升结肠癌,腹腔镜左半结肠切除术,手术
2238,中分化腺癌,腹腔镜左半结肠切除术,手术
2239,浸润性导管癌,乳腺根治性切除术,手术
2240,浸润性导管癌,卵巢去势术,手术
2241,原发性肝癌,肝癌切除术+胆囊切除术+胆总管切开取栓术,手术
2242,肝细胞性肝癌伴胆管癌栓,肝癌切除术+胆囊切除术+胆总管切开取栓术,手术
2243,糖尿病,内镜上直肠息肉切除术,手术
2244,糖尿病,直肠息肉切除术,手术
2245,胃多发溃疡,内镜上直肠息肉切除术,手术
2246,胃多发溃疡,直肠息肉切除术,手术
2247,直肠多发息肉,内镜上直肠息肉切除术,手术
2248,直肠多发息肉,直肠息肉切除术,手术
2249,糖尿病,内镜上直肠息肉切除术,手术
2250,糖尿病,直肠息肉切除术,手术
2251,胃底贲门癌,近端胃癌根治术,手术
2252,胃底贲门癌,空肠间置术,手术
2253,胃癌,近端胃癌根治术,手术
2254,胃癌,空肠间置术,手术
2255,右肾小囊肿,近端胃癌根治术,手术
2256,右肾小囊肿,空肠间置术,手术
2257,胃癌,近端胃癌根治术,手术
2258,胃癌,空肠间置术,手术
2259,胃神经内分泌癌术后,近端胃癌根治术,手术
2260,胃神经内分泌癌术后,空肠间置术,手术
2261,肝转移,近端胃癌根治术,手术
2262,肝转移,空肠间置术,手术
2263,肝转移瘤,近端胃癌根治术,手术
2264,肝转移瘤,空肠间置术,手术
2265,肝内转移瘤,近端胃癌根治术,手术
2266,肝内转移瘤,空肠间置术,手术
2267,原发性肝癌,左肝肿瘤切除+胆囊切除术,手术
2268,原发性肝癌,肝介入治疗（TAI）,手术
2269,乙肝肝硬化,左肝肿瘤切除+胆囊切除术,手术
2270,乙肝肝硬化,肝介入治疗（TAI）,手术
2271,（左肝）肝细胞肝癌（II级）,左肝肿瘤切除+胆囊切除术,手术
2272,（左肝）肝细胞肝癌（II级）,肝介入治疗（TAI）,手术
2273,结节性肝硬化,左肝肿瘤切除+胆囊切除术,手术
2274,结节性肝硬化,肝介入治疗（TAI）,手术
2275,胆囊胆固醇性息肉,左肝肿瘤切除+胆囊切除术,手术
2276,胆囊胆固醇性息肉,肝介入治疗（TAI）,手术
2277,慢性胆囊炎,左肝肿瘤切除+胆囊切除术,手术
2278,慢性胆囊炎,肝介入治疗（TAI）,手术
2279,肝癌术后,左肝肿瘤切除+胆囊切除术,手术
2280,肝癌术后,肝介入治疗（TAI）,手术
2281,腺癌,腹腔镜上DIXON术,手术
2282,肝S7占位,腹腔镜上DIXON术,手术
2283,直肠癌肝转移,腹腔镜上DIXON术,手术
2284,直肠中至低分化腺癌,腹腔镜上DIXON术,手术
2285,直肠腺癌,直肠癌根治术（DIXON式）,手术
2286,(直肠)腺癌(高-中分化),直肠癌根治术（DIXON式）,手术
2287,左附件转移,左半结肠癌切除术,手术
2288,左附件转移,左卵巢+全子宫切除术,手术
2289,卵巢癌术后,左半结肠癌切除术,手术
2290,卵巢癌术后,左卵巢+全子宫切除术,手术
2291,肝左叶转移瘤,左半结肠癌切除术,手术
2292,肝左叶转移瘤,左卵巢+全子宫切除术,手术
2293,肝转移,左半结肠癌切除术,手术
2294,肝转移,左卵巢+全子宫切除术,手术
2295,阴道残端复发,左半结肠癌切除术,手术
2296,阴道残端复发,左卵巢+全子宫切除术,手术
2297,腺癌,腹腔镜转开腹，姑息性腹膜后肿瘤切除+胆囊切除,手术
2298,肝内胆管细胞癌,肝动脉灌注化疗术,手术
2299,肝内胆管细胞癌,胆管癌切除术,手术
2300,肝内胆管细胞癌,PTCD术,手术
2301,肝内胆管细胞癌,肝肿瘤微波消融术,手术
2302,胆管癌介入治疗后,肝动脉灌注化疗术,手术
2303,胆管癌介入治疗后,胆管癌切除术,手术
2304,胆管癌介入治疗后,PTCD术,手术
2305,胆管癌介入治疗后,肝肿瘤微波消融术,手术
2306,肝右叶肝内胆管扩张,肝动脉灌注化疗术,手术
2307,肝右叶肝内胆管扩张,胆管癌切除术,手术
2308,肝右叶肝内胆管扩张,PTCD术,手术
2309,肝右叶肝内胆管扩张,肝肿瘤微波消融术,手术
2310,右肝内胆管细胞癌术后综合治疗后,肝动脉灌注化疗术,手术
2311,右肝内胆管细胞癌术后综合治疗后,胆管癌切除术,手术
2312,右肝内胆管细胞癌术后综合治疗后,PTCD术,手术
2313,右肝内胆管细胞癌术后综合治疗后,肝肿瘤微波消融术,手术
2314,消化道出血原因待查,胃切除术,手术
2315,重度贫血,胃切除术,手术
2316,肝硬化,胃切除术,手术
2317,慢性丙型肝炎,胃切除术,手术
2318,胃底静脉曲张,胃切除术,手术
2319,静脉曲张,胃切除术,手术
2320,十二指肠球炎,胃切除术,手术
2321,下消化道出血原因不能明确,胃切除术,手术
2322,胃早癌,胃切除术,手术
2323,胃早癌,胃切除术,手术
2324,胃癌伴出血,胃切除术,手术
2325,失血性贫血,胃切除术,手术
2326,结肠多发息肉,肠镜上结肠息肉切除术,手术
2327,结肠息肉,肠镜上结肠息肉切除术,手术
2328,直肠中-低分化管状腺癌（含粘液腺癌成份）,腹腔辅助上直肠癌根治术（DIXON）+放射性粒子植入术,手术
2329,直肠癌术后,腹腔辅助上直肠癌根治术（DIXON）+放射性粒子植入术,手术
2330,左卵巢肿瘤,剖腹探查,手术
2331,左卵巢肿瘤,肿瘤减灭术（全子宫+两附件+阑尾+大网膜+盆腔病灶）,手术
2332,右卵巢多房性囊肿,剖腹探查,手术
2333,右卵巢多房性囊肿,肿瘤减灭术（全子宫+两附件+阑尾+大网膜+盆腔病灶）,手术
2334,(左附件)卵巢腺癌,剖腹探查,手术
2335,(左附件)卵巢腺癌,肿瘤减灭术（全子宫+两附件+阑尾+大网膜+盆腔病灶）,手术
2336,浆液性乳头状腺癌,剖腹探查,手术
2337,浆液性乳头状腺癌,肿瘤减灭术（全子宫+两附件+阑尾+大网膜+盆腔病灶）,手术
2338,(全子宫+左附件)左卵巢浆液乳头状腺癌,分化II级,剖腹探查,手术
2339,(全子宫+左附件)左卵巢浆液乳头状腺癌,分化II级,肿瘤减灭术（全子宫+两附件+阑尾+大网膜+盆腔病灶）,手术
2340,慢性宫颈炎,剖腹探查,手术
2341,慢性宫颈炎,肿瘤减灭术（全子宫+两附件+阑尾+大网膜+盆腔病灶）,手术
2342,阑尾慢性炎,剖腹探查,手术
2343,阑尾慢性炎,肿瘤减灭术（全子宫+两附件+阑尾+大网膜+盆腔病灶）,手术
2344,胃癌,胃癌切除术,手术
2345,食道上返流性炎症,胃癌切除术,手术
2346,残胃炎,胃癌切除术,手术
2347,慢支伴少许感染,胃癌切除术,手术
2348,肺气肿,胃癌切除术,手术
2349,主动脉硬化,胃癌切除术,手术
2350,反流性食管炎,胃癌切除术,手术
2351,直肠、乙状结肠息肉,结肠癌根治术,手术
2352,直肠、乙状结肠息肉,右肺上叶背段病变穿刺活检+微波消融术,手术
2353,(乙状结肠)腺癌，直肠低级别绒毛管状腺瘤,乙状结肠癌根治术,手术
2354,(乙状结肠)腺癌，直肠低级别绒毛管状腺瘤,左卵巢囊肿切除术,手术
2355,乙状结肠癌，浸润溃疡型，中分化管状腺癌,乙状结肠癌根治术,手术
2356,乙状结肠癌，浸润溃疡型，中分化管状腺癌,左卵巢囊肿切除术,手术
2357,直肠低级别管状腺瘤,乙状结肠癌根治术,手术
2358,直肠低级别管状腺瘤,左卵巢囊肿切除术,手术
2359,左卵巢肿瘤,全子宫+两侧附件切除+大网膜切除+盆腔淋巴结清扫+腹主动脉旁淋巴结切除术,手术
2360,:左卵巢中分化浆液性腺癌,全子宫+两侧附件切除+大网膜切除+盆腔淋巴结清扫+腹主动脉旁淋巴结切除术,手术
2361,两侧卵巢中分化浆液性乳头状腺癌,全子宫+两侧附件切除+大网膜切除+盆腔淋巴结清扫+腹主动脉旁淋巴结切除术,手术
2362,两卵巢腺癌IIB期,全子宫+两侧附件切除+大网膜切除+盆腔淋巴结清扫+腹主动脉旁淋巴结切除术,手术
2363,直肠腺癌,腹腔镜上直肠癌根治术（DIXON）,手术
2364,息肉,腹腔镜上直肠癌根治术（DIXON）,手术
2365,（直肠）腺癌,腹腔镜上直肠癌根治术（DIXON）,手术
2366,直肠癌术后,腹腔镜上直肠癌根治术（DIXON）,手术
2367,胰腺癌,姑息性胰十二指肠切除术,手术
2368,胰腺癌,姑息性胰十二指肠切除术,手术
2369,腺癌,姑息性胰十二指肠切除术,手术
2370,腺癌,姑息性胰十二指肠切除术,手术
2371,中至低分化腺癌,姑息性胰十二指肠切除术,手术
2372,中至低分化腺癌,姑息性胰十二指肠切除术,手术
2373,胰头占位WIPPLE术后,姑息性胰十二指肠切除术,手术
2374,胰头占位WIPPLE术后,姑息性胰十二指肠切除术,手术
2375,鳞癌（中分化）,宫颈锥切术,手术
2376,胆总管结石,胆囊切除＋胆总管探查＋Ｔ管引流术,手术
2377,胆道探查术后,胆囊切除＋胆总管探查＋Ｔ管引流术,手术
2378,肝左前叶占位,肝左叶切除术+胆囊切除术,手术
2379,肝左前叶占位,TACE术,手术
2380,原发性肝癌,肝癌放射性粒子置入术,手术
2381,原发性肝癌,原发性肝癌姑息性HIFU治疗,手术
2382,原发性肝癌,原发性肝癌粒子植入术,手术
2383,轻-中度食管静脉曲张,肝癌放射性粒子置入术,手术
2384,轻-中度食管静脉曲张,原发性肝癌姑息性HIFU治疗,手术
2385,轻-中度食管静脉曲张,原发性肝癌粒子植入术,手术
2386,右半结肠癌,右半结肠切除术术,手术
2387,结肠中分化腺癌,右半结肠切除术术,手术
2388,粘液腺癌,右半结肠切除术术,手术
2389,胃癌并肝转移,全胃切除术,手术
2390,（胃）中低分化腺癌，溃疡型,全胃切除术,手术
2391,胃CA治疗后,全胃切除术,手术
2392,肝脏多发转移,全胃切除术,手术
2393,右肾多发囊肿,全胃切除术,手术
2394,腹腔及盆腔积液,全胃切除术,手术
2395,神经性头痛,全胃切除术,手术
2396,左卵巢瘤,全子宫两附件大网膜阑尾切除、腹壁病灶切除术,手术
2397,卵巢浆液性囊腺癌（中分化）,全子宫两附件大网膜阑尾切除、腹壁病灶切除术,手术
2398,卵巢浆液性囊腺癌（中分化）IIIｃ期,全子宫两附件大网膜阑尾切除、腹壁病灶切除术,手术
2399,高血压,全子宫两附件大网膜阑尾切除、腹壁病灶切除术,手术
2400,腺癌,腹腔镜上DIXON术,手术
2401,中分化腺癌,腹腔镜上DIXON术,手术
2402,骨髓抑制,腹腔镜上DIXON术,手术
2403,周围型肺肺癌癌,剖腹探查术,手术
2404,周围型肺肺癌癌,空肠回肠侧侧吻合术,手术
2405,结节性甲状腺肿,剖腹探查术,手术
2406,结节性甲状腺肿,空肠回肠侧侧吻合术,手术
2407,非霍奇金淋巴瘤，T细胞性,剖腹探查术,手术
2408,非霍奇金淋巴瘤，T细胞性,空肠回肠侧侧吻合术,手术
2409,淋巴瘤,剖腹探查术,手术
2410,淋巴瘤,空肠回肠侧侧吻合术,手术
2411,淋巴瘤,剖腹探查术,手术
2412,淋巴瘤,空肠回肠侧侧吻合术,手术
2413,淋巴瘤,剖腹探查术,手术
2414,淋巴瘤,空肠回肠侧侧吻合术,手术
2415,淋巴瘤,剖腹探查术,手术
2416,淋巴瘤,空肠回肠侧侧吻合术,手术
2417,肝S7 囊肿,剖腹探查术,手术
2418,肝S7 囊肿,空肠回肠侧侧吻合术,手术
2419,盆腔积液,剖腹探查术,手术
2420,盆腔积液,空肠回肠侧侧吻合术,手术
2421,全胃低分化腺癌,胃癌根治手术,手术
2422,腰肌转移,胃癌根治手术,手术
2423,腹腔播散转移,胃癌根治手术,手术
2424,低分化腺癌,胰十二指肠切除术,手术
2425,低分化腺癌,伽玛刀治疗,手术
2426,肝门区转移,胰十二指肠切除术,手术
2427,肝门区转移,伽玛刀治疗,手术
2428,结肠息肉,内镜上息肉切除术,手术
2429,结肠息肉,肠息肉内镜上切除术,手术
2430,结肠癌,腹腔镜右半结肠切除术+DIXON术,手术
2431,结肠癌,扩大右半肝切除术,手术
2432,（降结肠大体）中至低分化腺癌,腹腔镜右半结肠切除术+DIXON术,手术
2433,（降结肠大体）中至低分化腺癌,扩大右半肝切除术,手术
2434,管状-绒毛状腺瘤,腹腔镜右半结肠切除术+DIXON术,手术
2435,管状-绒毛状腺瘤,扩大右半肝切除术,手术
2436,降结肠癌伴肝转移（PT3N2BM1,IV期PMMR，RAS野生型）,腹腔镜右半结肠切除术+DIXON术,手术
2437,降结肠癌伴肝转移（PT3N2BM1,IV期PMMR，RAS野生型）,扩大右半肝切除术,手术
2438,结肠癌姑息切除术后,腹腔镜右半结肠切除术+DIXON术,手术
2439,结肠癌姑息切除术后,扩大右半肝切除术,手术
2440,肝转移,腹腔镜右半结肠切除术+DIXON术,手术
2441,肝转移,扩大右半肝切除术,手术
2442,中分化腺癌,腹腔镜右半结肠切除术+DIXON术,手术
2443,中分化腺癌,扩大右半肝切除术,手术
2444,肠腺癌肝转移,腹腔镜右半结肠切除术+DIXON术,手术
2445,肠腺癌肝转移,扩大右半肝切除术,手术
2446,中分化腺癌,腹腔镜右半结肠切除术+DIXON术,手术
2447,中分化腺癌,扩大右半肝切除术,手术
2448,肠腺癌肝转移，,腹腔镜右半结肠切除术+DIXON术,手术
2449,肠腺癌肝转移，,扩大右半肝切除术,手术
2450,管状腺瘤,腹腔镜右半结肠切除术+DIXON术,手术
2451,管状腺瘤,扩大右半肝切除术,手术
2452,管状腺瘤,腹腔镜右半结肠切除术+DIXON术,手术
2453,管状腺瘤,扩大右半肝切除术,手术
2454,胃癌,全胃切除术,手术
2455,胃癌术后,全胃切除术,手术
2456,肠梗阻,HARTMANN+乙状结肠造瘘术,手术
2457,肠梗阻,乙状结肠造口回纳术,手术
2458,直肠梗阻,HARTMANN+乙状结肠造瘘术,手术
2459,直肠梗阻,乙状结肠造口回纳术,手术
2460,消化道穿孔,HARTMANN+乙状结肠造瘘术,手术
2461,消化道穿孔,乙状结肠造口回纳术,手术
2462,直肠癌,HARTMANN+乙状结肠造瘘术,手术
2463,直肠癌,乙状结肠造口回纳术,手术
2464,腺癌PT4AN2AM0 IIIC期,HARTMANN+乙状结肠造瘘术,手术
2465,腺癌PT4AN2AM0 IIIC期,乙状结肠造口回纳术,手术
2466,胃窦部巨大溃疡性病变,胃癌根治术,手术
2467,低分化腺癌,胃癌根治术,手术
2468,进展期胃癌，中、低分化腺癌及粘液腺癌,胃癌根治术,手术
2469,乙状结肠中分化腺癌,锁穿置管,手术
2470,乙状结肠中分化腺癌,乙状结肠癌手术,手术
2471,不全肠梗阻,锁穿置管,手术
2472,不全肠梗阻,乙状结肠癌手术,手术
2473,错构瘤,锁穿置管,手术
2474,错构瘤,乙状结肠癌手术,手术
2475,错构瘤,锁穿置管,手术
2476,错构瘤,乙状结肠癌手术,手术
2477,错构瘤,锁穿置管,手术
2478,错构瘤,乙状结肠癌手术,手术
2479,(左半结肠)高中分化腺癌,根治性左半结肠切除术,手术
2480,淋巴结转移,根治性左半结肠切除术,手术
2481,手足综合症,根治性左半结肠切除术,手术
2482,骨髓抑制,根治性左半结肠切除术,手术
2483,冠心病,根治性左半结肠切除术,手术
2484,高血压,根治性左半结肠切除术,手术
2485,乙状结肠中分化腺癌,降结肠癌根治术,手术
2486,肠梗阻,降结肠癌根治术,手术
2487,结肠癌术后,降结肠癌根治术,手术
2488,结肠多发息肉,结肠镜电切手术,手术
2489,横结肠增生性腺瘤性息肉,结肠镜电切手术,手术
2490,乙状结肠低级别管状腺瘤,结肠镜电切手术,手术
2491,肝硬化,肝动脉结扎插管＋肿瘤活捡术＋肝肿瘤无水酒精注射术＋胆囊切除术,手术
2492,肝硬化,RFA术,手术
2493,肝硬化,B超引导上肝肿瘤射频消融毁损术,手术
2494,肝硬化,RFA,手术
2495,肝硬化,肝动脉结扎插管＋肿瘤活捡术＋肝肿瘤无水酒精注射术＋胆囊切除术,手术
2496,肝硬化,RFA术,手术
2497,肝硬化,B超引导上肝肿瘤射频消融毁损术,手术
2498,肝硬化,RFA,手术
2499,肝细胞肝癌,分化II级,肝动脉结扎插管＋肿瘤活捡术＋肝肿瘤无水酒精注射术＋胆囊切除术,手术
2500,肝细胞肝癌,分化II级,RFA术,手术
2501,肝细胞肝癌,分化II级,B超引导上肝肿瘤射频消融毁损术,手术
2502,肝细胞肝癌,分化II级,RFA,手术
2503,肝左叶MT治疗后,肝动脉结扎插管＋肿瘤活捡术＋肝肿瘤无水酒精注射术＋胆囊切除术,手术
2504,肝左叶MT治疗后,RFA术,手术
2505,肝左叶MT治疗后,B超引导上肝肿瘤射频消融毁损术,手术
2506,肝左叶MT治疗后,RFA,手术
2507,肝硬化,肝动脉结扎插管＋肿瘤活捡术＋肝肿瘤无水酒精注射术＋胆囊切除术,手术
2508,肝硬化,RFA术,手术
2509,肝硬化,B超引导上肝肿瘤射频消融毁损术,手术
2510,肝硬化,RFA,手术
2511,肝硬化,肝动脉结扎插管＋肿瘤活捡术＋肝肿瘤无水酒精注射术＋胆囊切除术,手术
2512,肝硬化,RFA术,手术
2513,肝硬化,B超引导上肝肿瘤射频消融毁损术,手术
2514,肝硬化,RFA,手术
2515,肝MT综合治疗后,肝动脉结扎插管＋肿瘤活捡术＋肝肿瘤无水酒精注射术＋胆囊切除术,手术
2516,肝MT综合治疗后,RFA术,手术
2517,肝MT综合治疗后,B超引导上肝肿瘤射频消融毁损术,手术
2518,肝MT综合治疗后,RFA,手术
2519,肝硬化,肝动脉结扎插管＋肿瘤活捡术＋肝肿瘤无水酒精注射术＋胆囊切除术,手术
2520,肝硬化,RFA术,手术
2521,肝硬化,B超引导上肝肿瘤射频消融毁损术,手术
2522,肝硬化,RFA,手术
2523,左卵巢瘤,全子宫两附件大网膜阑尾切除、腹壁病灶切除术,手术
2524,卵巢浆液性囊腺癌（中分化）,全子宫两附件大网膜阑尾切除、腹壁病灶切除术,手术
2525,卵巢浆液性囊腺癌（中分化）IIIｃ期,全子宫两附件大网膜阑尾切除、腹壁病灶切除术,手术
2526,高血压,全子宫两附件大网膜阑尾切除、腹壁病灶切除术,手术
2527,慢性腺性胆囊炎,胆囊切除+胆肠吻合+胃肠吻合术,手术
2528,壶腹周围恶性肿瘤术后,胆囊切除+胆肠吻合+胃肠吻合术,手术
2529,消化道梗阻,胰十二指肠切除术,手术
2530,胰头占位,胰十二指肠切除术,手术
2531,胰头中低分化腺癌,胰十二指肠切除术,手术
2532,肠梗阻,胰十二指肠切除术,手术
2533,肠梗阻,胰十二指肠切除术,手术
2534,浅表性胃炎,息肉切除术,手术
2535,直肠息肉,息肉切除术,手术
2536,升结肠癌,升结肠癌根治术,手术
2537,升结肠癌,肝转移瘤微波固化术,手术
2538,升结肠癌,肝转移瘤微波固化术,手术
2539,肝脏转移瘤,升结肠癌根治术,手术
2540,肝脏转移瘤,肝转移瘤微波固化术,手术
2541,肝脏转移瘤,肝转移瘤微波固化术,手术
2542,肝转移，两上肺转移瘤,升结肠癌根治术,手术
2543,肝转移，两上肺转移瘤,肝转移瘤微波固化术,手术
2544,肝转移，两上肺转移瘤,肝转移瘤微波固化术,手术
2545,两肺多发转移瘤,升结肠癌根治术,手术
2546,两肺多发转移瘤,肝转移瘤微波固化术,手术
2547,两肺多发转移瘤,肝转移瘤微波固化术,手术
2548,直肠息肉,直肠息肉切除术,手术
2549,直肠息肉,直肠息肉切除术,手术
2550,消化道出血原因待查,胃切除术,手术
2551,重度贫血,胃切除术,手术
2552,肝硬化,胃切除术,手术
2553,慢性丙型肝炎,胃切除术,手术
2554,胃底静脉曲张,胃切除术,手术
2555,静脉曲张,胃切除术,手术
2556,十二指肠球炎,胃切除术,手术
2557,下消化道出血原因不能明确,胃切除术,手术
2558,胃早癌,胃切除术,手术
2559,胃早癌,胃切除术,手术
2560,胃癌,胃切除术,手术
2561,消化道出血,胃切除术,手术
2562,胃窦中分化腺癌,剖腹探查术+胃空肠吻合术,手术
2563,幽门梗阻,剖腹探查术+胃空肠吻合术,手术
2564,胃癌,剖腹探查术+胃空肠吻合术,手术
2565,左肾囊肿,剖腹探查术+胃空肠吻合术,手术
2566,副脾,剖腹探查术+胃空肠吻合术,手术
2567,慢性胃炎,食管乳头状瘤”胃镜上切除,手术
2568,慢性萎缩性胃炎,食管乳头状瘤”胃镜上切除,手术
2569,食管乳头状瘤,食管乳头状瘤”胃镜上切除,手术
2570,食管息肉,食管乳头状瘤”胃镜上切除,手术
2571,浅表萎缩性胃炎,内镜上息肉切除术,手术
2572,胃息肉,内镜上息肉切除术,手术
2573,胃部息肉,内镜上息肉切除术,手术
2574,胃炎,内镜上息肉切除术,手术
2575,直肠癌,直肠癌根治术（,手术
2576,直肠癌,DIXON术,手术
2577,（直肠）中分化腺癌，溃疡型,直肠癌根治术（,手术
2578,（直肠）中分化腺癌，溃疡型,DIXON术,手术
2579,直肠癌术后化疗,直肠癌根治术（,手术
2580,直肠癌术后化疗,DIXON术,手术
2581,高血压病,直肠癌根治术（,手术
2582,高血压病,DIXON术,手术
2583,糖尿病,直肠癌根治术（,手术
2584,糖尿病,DIXON术,手术
2585,肝转移,结肠癌手术,手术
2586,胃体溃疡型腺癌,根治性全胃大部切除术,手术
2587,胃体小弯溃疡浸润型管状腺癌,根治性全胃大部切除术,手术
2588,胃癌术后,根治性全胃大部切除术,手术
2589,慢性非萎缩性胃炎,肠镜上结肠直肠多发性息肉氩气刀治疗术,手术
2590,结肠直肠多发性息肉,肠镜上结肠直肠多发性息肉氩气刀治疗术,手术
2591,腰椎骨质增生,肠镜上结肠直肠多发性息肉氩气刀治疗术,手术
2592,腹胀原因待查,肠镜上结肠直肠多发性息肉氩气刀治疗术,手术
2593,直肠残端漏,左半结肠切除、直肠癌切除（HARTTMANN）术,手术
2594,直肠残端漏,腹盆腔冲洗引流术,手术
2595,直肠、左半结肠切除术后,左半结肠切除、直肠癌切除（HARTTMANN）术,手术
2596,直肠、左半结肠切除术后,腹盆腔冲洗引流术,手术
2597,肝多发转移,左半结肠切除、直肠癌切除（HARTTMANN）术,手术
2598,肝多发转移,腹盆腔冲洗引流术,手术
2599,肝囊肿,左半结肠切除、直肠癌切除（HARTTMANN）术,手术
2600,肝囊肿,腹盆腔冲洗引流术,手术
2601,两肾小囊肿,左半结肠切除、直肠癌切除（HARTTMANN）术,手术
2602,两肾小囊肿,腹盆腔冲洗引流术,手术
2603,胰腺炎,胆道探查+术中胆道镜取石检查+胆囊切除术+T管引流术,手术
2604,胆总管上端多发小结石并胆总管轻度扩张,胆道探查+术中胆道镜取石检查+胆囊切除术+T管引流术,手术
2605,胆囊多发结石,胆道探查+术中胆道镜取石检查+胆囊切除术+T管引流术,手术
2606,左肾下极小囊肿,胆道探查+术中胆道镜取石检查+胆囊切除术+T管引流术,手术
2607,肝周少许积液,胆道探查+术中胆道镜取石检查+胆囊切除术+T管引流术,手术
2608,慢性胆囊炎,胆道探查+术中胆道镜取石检查+胆囊切除术+T管引流术,手术
2609,胆道术后,胆道探查+术中胆道镜取石检查+胆囊切除术+T管引流术,手术
2610,右肺下叶中心型低分化鳞状细胞癌,右肺下叶切除术,手术
2611,（食管）鳞状细胞癌,右肺下叶切除术,手术
2612,鼻咽未分化型非角化行癌（T3N2M0）,ERCP+胆管支架植入术,手术
2613,鼻咽未分化型非角化行癌（T3N2M0）,肝转移瘤微波消融术,手术
2614,鼻咽癌并肝、腹腔积腹膜后淋巴结转移,ERCP+胆管支架植入术,手术
2615,鼻咽癌并肝、腹腔积腹膜后淋巴结转移,肝转移瘤微波消融术,手术
2616,肝转移瘤,ERCP+胆管支架植入术,手术
2617,肝转移瘤,肝转移瘤微波消融术,手术
2618,鼻咽癌治疗后,ERCP+胆管支架植入术,手术
2619,鼻咽癌治疗后,肝转移瘤微波消融术,手术
2620,肝转移瘤,ERCP+胆管支架植入术,手术
2621,肝转移瘤,肝转移瘤微波消融术,手术
2622,肺炎,气管插管,手术
2623,肺炎,气管切开术,手术
2624,结肠肝曲癌,腹腔镜上左半结肠切除术（扩大根治）,手术
2625,大肠溃疡型粘液腺癌,腹腔镜上左半结肠切除术（扩大根治）,手术
2626,结肠肝曲癌术后,腹腔镜上左半结肠切除术（扩大根治）,手术
2627,阵发性室下速,抽脂手术,手术
2628,阵发性室下速,袖状胃手术,手术
2629,单纯性肥胖,抽脂手术,手术
2630,单纯性肥胖,袖状胃手术,手术
2631,袖状胃切除术后,抽脂手术,手术
2632,袖状胃切除术后,袖状胃手术,手术
2633,肝内外胆管结石伴急性胆管炎,胆总管切开取石+术中胆道镜取石+左肝部分切除+右肝内叶‘十字’切开取石,手术
2634,肝内胆管结石伴慢性炎症,胆总管切开取石+术中胆道镜取石+左肝部分切除+右肝内叶‘十字’切开取石,手术
2635,肝硬化,胆总管切开取石+术中胆道镜取石+左肝部分切除+右肝内叶‘十字’切开取石,手术
2636,胆道术后,胆总管切开取石+术中胆道镜取石+左肝部分切除+右肝内叶‘十字’切开取石,手术
2637,壶腹周围癌,胰十二指肠切除术,手术
2638,壶腹部中分化腺癌，部分为粘液腺癌，，分期为：T3N1M0,胰十二指肠切除术,手术
2639,肝转移瘤,胰十二指肠切除术,手术
2640,壶腹癌WHIPPLE 术后,胰十二指肠切除术,手术
2641,肝脏转移瘤,胰十二指肠切除术,手术
2642,乙状结肠癌肝转移,乙状结肠癌切除术,手术
2643,乙状结肠癌肝转移,肝转移瘤微波消融术+放射性I125粒子植入术,手术
2644,乙状结肠癌肝转移,肝转移瘤切除+胆囊切除,手术
2645,中分化腺癌,乙状结肠癌切除术,手术
2646,中分化腺癌,肝转移瘤微波消融术+放射性I125粒子植入术,手术
2647,中分化腺癌,肝转移瘤切除+胆囊切除,手术
2648,腺癌,乙状结肠癌切除术,手术
2649,腺癌,肝转移瘤微波消融术+放射性I125粒子植入术,手术
2650,腺癌,肝转移瘤切除+胆囊切除,手术
2651,非典型鳞状下皮细胞,宫颈锥形切除,手术
2652,宫颈及宫颈管部分鳞状下皮高级别下皮内瘤变（CINIII级,宫颈锥形切除,手术
2653,鳞状下皮高级别下皮内瘤变（VAINII级）,宫颈锥形切除,手术
2654,宫颈及宫颈管鳞状下皮高级别下皮内瘤变,宫颈锥形切除,手术
2655,阴道壁鳞状下皮VAINII-III级,宫颈锥形切除,手术
2656,CINIII级,宫颈锥形切除,手术
2657,直肠中分化腺癌,DIXONS’术式+回肠两腔造瘘术,手术
2658,直肠中分化腺癌YPT2N1CM0 III期,DIXONS’术式+回肠两腔造瘘术,手术
2659,弥漫大B细胞淋巴瘤,左半结肠切除术,手术
2660,弥漫大B细胞淋巴瘤,胰十二指肠切除术（WHIPPLE术）,手术
2661,淋巴瘤,左半结肠切除术,手术
2662,淋巴瘤,胰十二指肠切除术（WHIPPLE术）,手术
2663,中分化腺癌,左半结肠切除术,手术
2664,中分化腺癌,胰十二指肠切除术（WHIPPLE术）,手术
2665,十二指肠中分化腺癌（PT2N0M0）,左半结肠切除术,手术
2666,十二指肠中分化腺癌（PT2N0M0）,胰十二指肠切除术（WHIPPLE术）,手术
2667,手足综合症,左半结肠切除术,手术
2668,手足综合症,胰十二指肠切除术（WHIPPLE术）,手术
2669,十二指肠腺癌术后,左半结肠切除术,手术
2670,十二指肠腺癌术后,胰十二指肠切除术（WHIPPLE术）,手术
2671,肝内多发转移瘤,左半结肠切除术,手术
2672,肝内多发转移瘤,胰十二指肠切除术（WHIPPLE术）,手术
2673,肝囊肿,左半结肠切除术,手术
2674,肝囊肿,胰十二指肠切除术（WHIPPLE术）,手术
2675,胃窦腺癌,胃癌根治术,手术
2676,进行期胃窦癌,胃癌根治术,手术
2677,中－低分化腺癌,胃癌根治术,手术
2678,骨髓抑制,胃癌根治术,手术
2679,中分化腺癌，伴粘液腺癌,经肛直肠肿物切除术,手术
2680,胃恶性肿瘤,胃癌根治术,手术
2681,非ST段抬高型心梗,胃癌根治术,手术
2682,腺癌,右半结肠切除+恶性肿瘤腔内灌注治疗,手术
2683,肠中至低分化腺癌，部分为粘液腺癌,右半结肠切除+恶性肿瘤腔内灌注治疗,手术
2684,升结肠中分化腺癌,结肠癌根治术,手术
2685,升结肠中分化腺癌,右肺转移灶手术,手术
2686,右肺多发转移,结肠癌根治术,手术
2687,右肺多发转移,右肺转移灶手术,手术
2688,直肠癌,直肠癌根治术,手术
2689,粘连性肠梗阻,直肠癌根治术,手术
2690,直肠癌左上肺转移,直肠癌根治术,手术
2691,肝内外胆管、胰管扩张,ERCP术+胆道支架置入术,手术
2692,壶腹癌,ERCP术+胆道支架置入术,手术
2693,肝小囊肿,ERCP术+胆道支架置入术,手术
2694,左肺中叶局限性肺不张,ERCP术+胆道支架置入术,手术
2695,CINIII级,LEEP”术,手术
2696,CINIII级,残余子宫切除术,手术
2697,(宫颈组织)宫颈粘膜慢性炎伴纳氏囊肿、糜烂，鳞状下皮CINIII级累及腺体,LEEP”术,手术
2698,(宫颈组织)宫颈粘膜慢性炎伴纳氏囊肿、糜烂，鳞状下皮CINIII级累及腺体,残余子宫切除术,手术
2699,CINIII级,LEEP”术,手术
2700,CINIII级,残余子宫切除术,手术
2701,直肠癌伴肝脏多发转移,剖腹探查,手术
2702,直肠癌伴肝脏多发转移,姑息性直肠癌切除术,手术
2703,直肠溃疡型中分化腺癌,剖腹探查,手术
2704,直肠溃疡型中分化腺癌,姑息性直肠癌切除术,手术
2705,淋巴结8/17见转移,剖腹探查,手术
2706,淋巴结8/17见转移,姑息性直肠癌切除术,手术
2707,肝脏病变,剖腹探查,手术
2708,肝脏病变,姑息性直肠癌切除术,手术
2709,肝脏病变,剖腹探查,手术
2710,肝脏病变,姑息性直肠癌切除术,手术
2711,间质瘤,直肠肿物切除术,手术
2712,直肠梭形细胞肿瘤,直肠肿物切除术,手术
2713,间质瘤,直肠肿物切除术,手术
2714,间质瘤,直肠肿物切除术,手术
2715,胃窦癌,胃癌根治术,手术
2716,胃低分化腺癌,胃癌根治术,手术
2717,胃癌,胃癌根治术,手术
2718,中分化腺癌,贲门癌根治术,手术
2719,近端胃术后,吻合口溃疡,反流行食管炎,贲门癌根治术,手术
2720,贲门癌术后,贲门癌根治术,手术
2721,胃底贲门癌,胃癌近端胃切除+食管残胃吻合+放射性粒子植入术,手术
2722,胃溃疡型低分化管状腺癌,胃癌近端胃切除+食管残胃吻合+放射性粒子植入术,手术
2723,胃癌术后,胃癌近端胃切除+食管残胃吻合+放射性粒子植入术,手术
2724,肺、右肾下腺、左额叶转移,直肠癌手术,手术
2725,血管瘤,直肠癌手术,手术
2726,结肠癌术后,根治性左半结肠切除术,手术
2727,食管癌,食管癌切除、胃食管弓下吻合术,手术
2728,食管吻合口狭窄,食管癌切除、胃食管弓下吻合术,手术
2729,食管癌术后（PT3N0M0II期）,食管癌切除、胃食管弓下吻合术,手术
2730,壶腹周围癌并梗阻性黄疸,胰十二指肠切除术,手术
2731,壶腹部腺癌,胰十二指肠切除术,手术
2732,慢性胆囊炎,胰十二指肠切除术,手术
2733,胰十二指肠术后,胰十二指肠切除术,手术
2734,直肠粘膜慢性炎,空回肠侧侧吻合+横结肠造口术,手术
2735,直肠粘膜慢性炎,剖腹探查,手术
2736,直肠粘膜慢性炎,空肠造瘘术,手术
2737,炎症性病变,空回肠侧侧吻合+横结肠造口术,手术
2738,炎症性病变,剖腹探查,手术
2739,炎症性病变,空肠造瘘术,手术
2740,肝门区占位,肝门部胆管癌根治术,手术
2741,肝门区占位,肝门部胆管癌手术,手术
2742,胆管细胞癌,肝门部胆管癌根治术,手术
2743,胆管细胞癌,肝门部胆管癌手术,手术
2744,肝囊肿,胃癌根治术,手术
2745,肝囊肿,胃癌手术,手术
2746, 胃癌术后,胃癌根治术,手术
2747, 胃癌术后,胃癌手术,手术
2748,胃体胃角印戒细胞癌及管状腺癌，弥漫型,根治性全胃切除术,手术
2749,中低分化腺癌部分印戒，混合型,根治性全胃切除术,手术
2750,左肺中叶,根治性全胃切除术,手术
2751,粘液腺癌,直肠癌根治术,手术
2752,直肠癌,直肠癌根治术,手术
2753,十二指肠球部多发浅溃疡,胰十二指肠切除+左肝部分切除,手术
2754,神经内分泌肿瘤,胰十二指肠切除+左肝部分切除,手术
2755,肝左叶多发转移,胰十二指肠切除+左肝部分切除,手术
2756,NET G3,胰十二指肠切除+左肝部分切除,手术
2757,急性胆囊炎,胰十二指肠切除术,手术
2758,胆总管结石,胰十二指肠切除术,手术
2759,肝囊肿,胰十二指肠切除术,手术
2760,胆总管上端肿瘤,胰十二指肠切除术,手术
2761,胰头癌,胰十二指肠切除术,手术
2762,胰头中分化腺癌,胰十二指肠切除术,手术
2763,慢性胆囊炎,胰十二指肠切除术,手术
2764,胰头癌术后,胰十二指肠切除术,手术
2765,急性脑梗死,胆囊摘除术,手术
2766,急性脑梗死,气管插管,手术
2767,急性脑梗死,气管切开,手术
2768,急性脑梗死,气管切开,手术
2769,高血压病,胆囊摘除术,手术
2770,高血压病,气管插管,手术
2771,高血压病,气管切开,手术
2772,高血压病,气管切开,手术
2773,冠状动脉粥样硬化性心脏病 ,胆囊摘除术,手术
2774,冠状动脉粥样硬化性心脏病 ,气管插管,手术
2775,冠状动脉粥样硬化性心脏病 ,气管切开,手术
2776,冠状动脉粥样硬化性心脏病 ,气管切开,手术
2777,肺炎,胆囊摘除术,手术
2778,肺炎,气管插管,手术
2779,肺炎,气管切开,手术
2780,肺炎,气管切开,手术
2781,两侧胸腔积液,胆囊摘除术,手术
2782,两侧胸腔积液,气管插管,手术
2783,两侧胸腔积液,气管切开,手术
2784,两侧胸腔积液,气管切开,手术
2785,心包积液,胆囊摘除术,手术
2786,心包积液,气管插管,手术
2787,心包积液,气管切开,手术
2788,心包积液,气管切开,手术
2789,慢性肾功能不全,胆囊摘除术,手术
2790,慢性肾功能不全,气管插管,手术
2791,慢性肾功能不全,气管切开,手术
2792,慢性肾功能不全,气管切开,手术
2793,胃CA术后,胆囊摘除术,手术
2794,胃CA术后,气管插管,手术
2795,胃CA术后,气管切开,手术
2796,胃CA术后,气管切开,手术
2797,直肠CA术后,胆囊摘除术,手术
2798,直肠CA术后,气管插管,手术
2799,直肠CA术后,气管切开,手术
2800,直肠CA术后,气管切开,手术
2801,脑梗死,胆囊摘除术,手术
2802,脑梗死,气管插管,手术
2803,脑梗死,气管切开,手术
2804,脑梗死,气管切开,手术
2805,冠状动脉粥样硬化性心脏病,胆囊摘除术,手术
2806,冠状动脉粥样硬化性心脏病,气管插管,手术
2807,冠状动脉粥样硬化性心脏病,气管切开,手术
2808,冠状动脉粥样硬化性心脏病,气管切开,手术
2809,肺部感染,胆囊摘除术,手术
2810,肺部感染,气管插管,手术
2811,肺部感染,气管切开,手术
2812,肺部感染,气管切开,手术
2813,结肠癌,全麻上剖腹探查、左半结肠切除术,手术
2814,鼻咽未分化型非角化行癌（T3N2M0）,行ERCP+胆管支架植入术,手术
2815,鼻咽未分化型非角化行癌（T3N2M0）,肝转移瘤微波消融术,手术
2816,鼻咽癌并肝、腹腔积腹膜后淋巴结转移,行ERCP+胆管支架植入术,手术
2817,鼻咽癌并肝、腹腔积腹膜后淋巴结转移,肝转移瘤微波消融术,手术
2818,肝转移瘤,行ERCP+胆管支架植入术,手术
2819,肝转移瘤,肝转移瘤微波消融术,手术
2820,鼻咽癌,行ERCP+胆管支架植入术,手术
2821,鼻咽癌,肝转移瘤微波消融术,手术
2822,肝转移瘤,行ERCP+胆管支架植入术,手术
2823,肝转移瘤,肝转移瘤微波消融术,手术
2824,乙肝,食管胃底曲张静脉套扎术,手术
2825,丙肝,食管胃底曲张静脉套扎术,手术
2826,隐源性肝硬化,食管胃底曲张静脉套扎术,手术
2827,食管静脉曲张,食管胃底曲张静脉套扎术,手术
2828,结肠扁平息肉,肠镜上息肉切除术,手术
2829,结肠息肉,肠镜上息肉切除术,手术
2830,消化道出血原因待查,胃切除术,手术
2831,重度贫血,胃切除术,手术
2832,肝硬化,胃切除术,手术
2833,慢性丙型肝炎,胃切除术,手术
2834,胃底静脉曲张,胃切除术,手术
2835,静脉曲张,胃切除术,手术
2836,十二指肠球炎,胃切除术,手术
2837,下消化道出血原因不能明确,胃切除术,手术
2838,胃早癌,胃切除术,手术
2839,胃早癌,胃切除术,手术
2840,丙肝后肝硬化,胃切除术,手术
2841,胃癌,胃切除术,手术
2842,失血性贫血,胃切除术,手术
2843,宫颈癌IB1期,经腹广泛子宫切除+两侧输卵管切除+盆腔淋巴结清扫术,手术
2844,（宫颈）中-低分化鳞状细胞癌，内生浸润型,经腹广泛子宫切除+两侧输卵管切除+盆腔淋巴结清扫术,手术
2845,子宫腺肌病,经腹广泛子宫切除+两侧输卵管切除+盆腔淋巴结清扫术,手术
2846,两侧输卵管系膜囊肿,经腹广泛子宫切除+两侧输卵管切除+盆腔淋巴结清扫术,手术
2847,宫颈癌术后,经腹广泛子宫切除+两侧输卵管切除+盆腔淋巴结清扫术,手术
2848,宫颈癌术后,经腹广泛子宫切除+两侧输卵管切除+盆腔淋巴结清扫术,手术
2849,（全喉）低分化鳞形细胞癌,电视喉镜喉咽新生物活检术,手术
2850,（全喉）低分化鳞形细胞癌,全喉切除+左颈淋巴结清扫术,手术
2851,食管MT,电视喉镜喉咽新生物活检术,手术
2852,食管MT,全喉切除+左颈淋巴结清扫术,手术
2853,低分化鳞形细胞癌,电视喉镜喉咽新生物活检术,手术
2854,低分化鳞形细胞癌,全喉切除+左颈淋巴结清扫术,手术
2855,食道中段MT,电视喉镜喉咽新生物活检术,手术
2856,食道中段MT,全喉切除+左颈淋巴结清扫术,手术
2857,左肺中央型肺CA，伴左肺下叶阻塞性肺不张，纵隔内及降主动脉动脉旁多发淋巴结转移，左肺上叶动脉内癌栓,胸腔穿刺,手术
2858,左肺中央型肺CA，伴左肺下叶阻塞性肺不张，纵隔内及降主动脉动脉旁多发淋巴结转移，左肺上叶动脉内癌栓,心包穿刺,手术
2859,两侧胸腔积液,胸腔穿刺,手术
2860,两侧胸腔积液,心包穿刺,手术
2861,心包积液,胸腔穿刺,手术
2862,心包积液,心包穿刺,手术
2863,左侧淋巴结转移性腺癌,胸腔穿刺,手术
2864,左侧淋巴结转移性腺癌,心包穿刺,手术
2865,左肺中央型肺腺癌 IV期 纵膈、颈部淋巴结及脑转移,胸腔穿刺,手术
2866,左肺中央型肺腺癌 IV期 纵膈、颈部淋巴结及脑转移,心包穿刺,手术
2867,两侧胸腔大量积液,胸腔穿刺,手术
2868,两侧胸腔大量积液,心包穿刺,手术
2869,左上肢深静脉血栓,胸腔穿刺,手术
2870,左上肢深静脉血栓,心包穿刺,手术
2871,肺癌,胸腔穿刺,手术
2872,肺癌,心包穿刺,手术
2873,腺癌,阴道镜检查+宫颈活检,手术
2874,腺癌,经腹III型全子宫切除+两侧附件切除+两侧盆腔淋巴结清扫+腹主动脉旁淋巴结切除术,手术
2875,子宫小肌瘤,阴道镜检查+宫颈活检,手术
2876,子宫小肌瘤,经腹III型全子宫切除+两侧附件切除+两侧盆腔淋巴结清扫+腹主动脉旁淋巴结切除术,手术
2877,高-中分化腺癌,阴道镜检查+宫颈活检,手术
2878,高-中分化腺癌,经腹III型全子宫切除+两侧附件切除+两侧盆腔淋巴结清扫+腹主动脉旁淋巴结切除术,手术
2879,宫颈腺癌IIA1期,阴道镜检查+宫颈活检,手术
2880,宫颈腺癌IIA1期,经腹III型全子宫切除+两侧附件切除+两侧盆腔淋巴结清扫+腹主动脉旁淋巴结切除术,手术
2881,高至中分化腺癌,阴道镜检查+宫颈活检,手术
2882,高至中分化腺癌,经腹III型全子宫切除+两侧附件切除+两侧盆腔淋巴结清扫+腹主动脉旁淋巴结切除术,手术
2883,深静脉血栓,阴道镜检查+宫颈活检,手术
2884,深静脉血栓,经腹III型全子宫切除+两侧附件切除+两侧盆腔淋巴结清扫+腹主动脉旁淋巴结切除术,手术
2885,胃体癌,胃癌根治术,手术
2886,中低分化腺癌,胃癌根治术,手术
2887,头颈部肿瘤,胃癌根治术,手术
2888,胃CA术后,远端胃癌D2根治术（毕I式）,手术
2889,喟瘫,远端胃癌D2根治术（毕I式）,手术
2890,直肠中分化腺癌,MILES术,手术
2891,中分化腺癌,MILES术,手术
2892,两肺转移,MILES术,手术
2893,中分化腺癌,MILES术,手术
2894,肠癌,MILES术,手术
2895,左侧股动脉假性动脉瘤,左上肢截肢手术,手术
2896,腹主动假性动脉瘤,左上肢截肢手术,手术
2897,右侧髂总动脉起始处管腔狭窄,左上肢截肢手术,手术
2898,右肾动脉假性动脉瘤,左上肢截肢手术,手术
2899,宫颈肿物,经腹次广泛子宫切除术+两侧附件切除,手术
2900,宫颈癌肉瘤,经腹次广泛子宫切除术+两侧附件切除,手术
2901,（子宫）高级别恶性肿瘤,经腹次广泛子宫切除术+两侧附件切除,手术
2902,恶性苗勒氏管瘤（癌肉瘤）,经腹次广泛子宫切除术+两侧附件切除,手术
2903,滑膜肉瘤,经腹次广泛子宫切除术+两侧附件切除,手术
2904,低分化鳞状细胞癌,经腹次广泛子宫切除术+两侧附件切除,手术
2905,子宫腺肌症,经腹次广泛子宫切除术+两侧附件切除,手术
2906,左卵巢子宫内膜异位症,经腹次广泛子宫切除术+两侧附件切除,手术
2907,左侧输卵管积水,经腹次广泛子宫切除术+两侧附件切除,手术
2908,癌肉瘤,经腹次广泛子宫切除术+两侧附件切除,手术
2909,中至低分化腺癌,剖腹探查术,手术
2910,中至低分化腺癌,左半结肠切除+两卵巢切除,手术
2911,盆、腹腔腹膜广泛种植,剖腹探查术,手术
2912,盆、腹腔腹膜广泛种植,左半结肠切除+两卵巢切除,手术
2913,低分化腺癌，大部分为粘液腺癌，符合肠腺癌转移,剖腹探查术,手术
2914,低分化腺癌，大部分为粘液腺癌，符合肠腺癌转移,左半结肠切除+两卵巢切除,手术
2915,粘液腺癌,剖腹探查术,手术
2916,粘液腺癌,左半结肠切除+两卵巢切除,手术
2917,子宫肌瘤,全子宫＋两侧附件切除术+盆腔淋巴结清扫术,手术
2918,子宫平滑肌肉瘤,全子宫＋两侧附件切除术+盆腔淋巴结清扫术,手术
2919,平滑肌肉瘤,全子宫＋两侧附件切除术+盆腔淋巴结清扫术,手术
2920,子宫多发性平滑肌瘤,全子宫＋两侧附件切除术+盆腔淋巴结清扫术,手术
2921,子宫平滑肌肉瘤IB期,全子宫＋两侧附件切除术+盆腔淋巴结清扫术,手术
2922,胃癌,根治性全胃切除术,手术
2923,胃大部切除术后,根治性全胃切除术,手术
2924,胃癌术后腹腔转移,根治性全胃切除术,手术
2925,胃癌术后腹腔转移,根治性全胃切除术,手术
2926,腺癌,腹腔镜左半结肠切除术,手术
2927,升结肠癌,腹腔镜左半结肠切除术,手术
2928,升结肠癌,腹腔镜左半结肠切除术,手术
2929,升结肠腺癌 CT3N1M0,腹腔镜左半结肠切除术,手术
2930,升结肠中至低分化腺癌伴粘液腺癌，PT3N1M0,III期,腹腔镜左半结肠切除术,手术
2931,胃癌,全胃切除术,手术
2932,进展期胃癌，隆起型，高-中分化管状腺癌,全胃切除术,手术
2933,慢性粒细胞白血病,全胃切除术,手术
2934,肠梗阻？,右肾切除术,手术
2935,腰椎骨质增生,右肾切除术,手术
2936,两上肺炎症,右肾切除术,手术
2937,中度脂肪肝,右肾切除术,手术
2938,左肾囊肿,右肾切除术,手术
2939,腹痛待查,右肾切除术,手术
2940,中分化腺癌,乙状结肠癌根治术,手术
2941,中分化腺癌,结肠镜上结肠息肉钳切,手术
2942,手足综合症,乙状结肠癌根治术,手术
2943,手足综合症,结肠镜上结肠息肉钳切,手术
2944,结肠多发息肉,乙状结肠癌根治术,手术
2945,结肠多发息肉,结肠镜上结肠息肉钳切,手术
2946,回盲部升结肠腺瘤,乙状结肠癌根治术,手术
2947,回盲部升结肠腺瘤,结肠镜上结肠息肉钳切,手术
2948,腺瘤,乙状结肠癌根治术,手术
2949,腺瘤,结肠镜上结肠息肉钳切,手术
2950,管状腺瘤1-2级,乙状结肠癌根治术,手术
2951,管状腺瘤1-2级,结肠镜上结肠息肉钳切,手术
2952,脂肪肝,乙状结肠癌根治术,手术
2953,脂肪肝,结肠镜上结肠息肉钳切,手术
2954,（乙状结肠）溃疡型中分化腺癌,姑息性乙状结肠癌切除术,手术
2955,（乙状结肠）溃疡型中分化腺癌,姑息性乙状结肠切除术,手术
2956,（乙状结肠）溃疡型中分化腺癌,横结肠造口术,手术
2957,胃癌,腹腔镜胃癌根治术（毕I）,手术
2958,（胃）低分化粘液腺癌，溃疡型,腹腔镜胃癌根治术（毕I）,手术
2959,心梗,腹腔镜胃癌根治术（毕I）,手术
2960,胃癌术后,腹腔镜胃癌根治术（毕I）,手术
2961,高血压,腹腔镜胃癌根治术（毕I）,手术
2962,冠心病,腹腔镜胃癌根治术（毕I）,手术
2963,乙状结肠癌,腹腔镜乙状结肠切除术,手术
2964,乙状结肠中-低分化腺癌,腹腔镜乙状结肠切除术,手术
2965,肝占位,肝肿瘤切除、胆囊切除术,手术
2966,肝右外叶小肝癌,肝肿瘤切除、胆囊切除术,手术
2967,肝多发囊肿,肝肿瘤切除、胆囊切除术,手术
2968,胆囊底部结节,肝肿瘤切除、胆囊切除术,手术
2969,肝肿瘤,肝肿瘤切除、胆囊切除术,手术
2970,肝肿瘤切除术后,肝肿瘤切除、胆囊切除术,手术
2971,子宫内膜非典型增生,全子宫两附件切除+盆腔粘连松解术,手术
2972,阴道顶端切口出血伴感染,全子宫两附件切除+盆腔粘连松解术,手术
2973,宫颈鳞状细胞原位癌累及腺体,广泛全宫切＋两侧附件切除术＋盆腔淋巴结清扫术,手术
2974,宫颈低分化鳞状细胞癌,广泛全宫切＋两侧附件切除术＋盆腔淋巴结清扫术,手术
2975,颗粒细胞瘤,输尿管D-J管置入+剖腹探查+肠粘连分解+盆腔包块切除+放射性粒子置入术,手术
2976,胃内多发息肉,内镜上多发息肉切除,手术
2977,肠息肉,内镜上多发息肉切除,手术
2978,乙状结肠粘液腺癌,右半结肠切除术,手术
2979,印戒细胞癌，弥漫型,远端胃癌根治术,手术
2980,印戒细胞癌伴粘液腺癌，弥漫型,远端胃癌根治术,手术
2981,原发性肝癌,经典原位非转流式肝移植术,手术
2982,桥本式甲状腺炎,经典原位非转流式肝移植术,手术
2983,肝移植术后,经典原位非转流式肝移植术,手术
2984,直肠黑色素瘤,直肠活检,手术
2985,直肠黑色素瘤,腹腔镜探查，经腹会阴直肠癌联合根治术,手术
2986,椎体转移,直肠活检,手术
2987,椎体转移,腹腔镜探查，经腹会阴直肠癌联合根治术,手术
2988,直乙交界癌,肠癌根治术,手术
2989,直肠中分化腺癌（T4N0M0IIB期）,肠癌根治术,手术
2990,两肺下叶肺气肿,肠癌根治术,手术
2991,肝囊肿,肠癌根治术,手术
2992,左肾囊肿,肠癌根治术,手术
2993,直肠癌术后,肠癌根治术,手术
2994,右左心房稍增大，主动脉增宽并主动脉关闭不全，二尖瓣前叶脱垂并关闭不全,肠癌根治术,手术
2995,直肠癌术后吻合口复发,肠癌根治术,手术
2996,胃癌,胃癌根治术（全胃切除术+间置空肠吻合术）,手术
2997,胃体后壁溃疡型低分化腺癌伴印戒细胞癌,胃癌根治术（全胃切除术+间置空肠吻合术）,手术
2998,肠梗阻,胃癌根治术（全胃切除术+间置空肠吻合术）,手术
2999,左肝占位,肝中叶切除+胆囊切除术,手术
3000,肝癌,肝中叶切除+胆囊切除术,手术
3001,肝S5部分恶性肿瘤,肝中叶切除+胆囊切除术,手术
3002,肝脏低分化大细胞神经内分泌癌（G3）,肝中叶切除+胆囊切除术,手术
3003,肝部分切除术后,肝中叶切除+胆囊切除术,手术
3004,肝神经内分泌肿瘤术后,肝中叶切除+胆囊切除术,手术
3005,左股骨头骨岛,肝中叶切除+胆囊切除术,手术
3006,肝神经内分泌肿瘤术后,肝中叶切除+胆囊切除术,手术
3007,肝囊肿,肝中叶切除+胆囊切除术,手术
3008,左股骨头骨岛,肝中叶切除+胆囊切除术,手术
3009,HSIL,阴道镜检查+宫颈活检,手术
3010,HSIL,宫颈,手术
3011,HSIL,宫颈LEEP,手术
3012,HSIL,II型改良根治性子宫切除+两附件切除,手术
3013,（宫颈12点）中分化鳞状细胞癌,阴道镜检查+宫颈活检,手术
3014,（宫颈12点）中分化鳞状细胞癌,宫颈,手术
3015,（宫颈12点）中分化鳞状细胞癌,宫颈LEEP,手术
3016,（宫颈12点）中分化鳞状细胞癌,II型改良根治性子宫切除+两附件切除,手术
3017,（宫颈3、6、9点）HSIL,阴道镜检查+宫颈活检,手术
3018,（宫颈3、6、9点）HSIL,宫颈,手术
3019,（宫颈3、6、9点）HSIL,宫颈LEEP,手术
3020,（宫颈3、6、9点）HSIL,II型改良根治性子宫切除+两附件切除,手术
3021,宫颈癌,阴道镜检查+宫颈活检,手术
3022,宫颈癌,宫颈,手术
3023,宫颈癌,宫颈LEEP,手术
3024,宫颈癌,II型改良根治性子宫切除+两附件切除,手术
3025,中分化鳞状细胞癌,阴道镜检查+宫颈活检,手术
3026,中分化鳞状细胞癌,宫颈,手术
3027,中分化鳞状细胞癌,宫颈LEEP,手术
3028,中分化鳞状细胞癌,II型改良根治性子宫切除+两附件切除,手术
3029,宫颈中至低分化鳞状细胞癌,阴道镜检查+宫颈活检,手术
3030,宫颈中至低分化鳞状细胞癌,宫颈,手术
3031,宫颈中至低分化鳞状细胞癌,宫颈LEEP,手术
3032,宫颈中至低分化鳞状细胞癌,II型改良根治性子宫切除+两附件切除,手术
3033,鳞状细胞癌,阴道镜检查+宫颈活检,手术
3034,鳞状细胞癌,宫颈,手术
3035,鳞状细胞癌,宫颈LEEP,手术
3036,鳞状细胞癌,II型改良根治性子宫切除+两附件切除,手术
3037,高分化腺癌,左半结肠切除术,手术
3038,高分化腺癌,肝转移瘤微波消融术,手术
3039,结肠癌并肝内多发转移,左半结肠切除术,手术
3040,结肠癌并肝内多发转移,肝转移瘤微波消融术,手术
3041,中分化腺癌。，分期为：PT3N1M1,左半结肠切除术,手术
3042,中分化腺癌。，分期为：PT3N1M1,肝转移瘤微波消融术,手术
3043,升结肠癌术后,左半结肠切除术,手术
3044,升结肠癌术后,肝转移瘤微波消融术,手术
3045,肝脏多发转移瘤,左半结肠切除术,手术
3046,肝脏多发转移瘤,肝转移瘤微波消融术,手术
3047,中低分化腺癌（DUKES C期,DIXON”术,手术
3048,中低分化腺癌（DUKES C期,剖腹探查术+回肠造瘘术,手术
3049,吻合口瘘,DIXON”术,手术
3050,吻合口瘘,剖腹探查术+回肠造瘘术,手术
3051,肝MT,特殊肝段切除术（IV、V、VIII段）+胆囊切除术+肝十二指肠韧带内肿大淋巴结切除术,手术
3052,(肝左叶) 肝内胆管癌,特殊肝段切除术（IV、V、VIII段）+胆囊切除术+肝十二指肠韧带内肿大淋巴结切除术,手术
3053,肝硬化,特殊肝段切除术（IV、V、VIII段）+胆囊切除术+肝十二指肠韧带内肿大淋巴结切除术,手术
3054,（胆囊）慢性炎,特殊肝段切除术（IV、V、VIII段）+胆囊切除术+肝十二指肠韧带内肿大淋巴结切除术,手术
3055,（胃）低-中分化腺癌伴神经内分泌分化，溃疡型,近端胃癌根治术,手术
3056,胃癌术后,近端胃癌根治术,手术
3057,直肠癌,经腹会阴直肠癌根治术,手术
3058,直肠癌,经腹会阴直肠癌根治术,手术
3059,直肠癌,经腹会阴直肠癌根治术,手术
3060,胆管癌,ERCP+胆总管金属支架植入,手术
3061,右肾下腺结节,ERCP+胆总管金属支架植入,手术
3062,腺瘤,ERCP+胆总管金属支架植入,手术
3063,两侧胸腔积液,ERCP+胆总管金属支架植入,手术
3064,胆总管癌并两肺转移,ERCP+胆总管金属支架植入,手术
3065,胆管癌,ERCP+胆总管金属支架植入,手术
3066,右乳癌,改良根治术,手术
3067,右乳癌,卵巢切除,手术
3068,左乳癌,改良根治术,手术
3069,左乳癌,卵巢切除,手术
3070,腰椎及骨盆骨转移,改良根治术,手术
3071,腰椎及骨盆骨转移,卵巢切除,手术
3072,骨髓抑制,改良根治术,手术
3073,骨髓抑制,卵巢切除,手术
3074,骨髓抑制,改良根治术,手术
3075,骨髓抑制,卵巢切除,手术
3076,骨髓抑制,改良根治术,手术
3077,骨髓抑制,卵巢切除,手术
3078,手足综合征,改良根治术,手术
3079,手足综合征,卵巢切除,手术
3080,腹部切口感染,肠镜上息肉切除术,手术
3081,腹部切口感染,剖腹探查+结肠穿孔修补术,手术
3082,食管贲门小弯侧溃疡型中分化腺癌,胃癌根治术,手术
3083,返流性食管炎，残胃炎,胃癌根治术,手术
3084,食管癌,喉部恶性肿瘤切除术,手术
3085,食管癌,喉部恶性肿瘤切除术,手术
3086,肝癌,解剖性右半肝切除+胆囊切除术,手术
3087,肝癌,TACE术,手术
3088,肝癌,肝脏肿瘤微波固化术,手术
3089,肝癌,肝癌切除术,手术
3090,肝癌,解剖性右半肝切除+胆囊切除术,手术
3091,肝癌,TACE术,手术
3092,肝癌,肝脏肿瘤微波固化术,手术
3093,肝癌,肝癌切除术,手术
3094,混合性肝细胞和胆管细胞癌（中-低分化）,解剖性右半肝切除+胆囊切除术,手术
3095,混合性肝细胞和胆管细胞癌（中-低分化）,TACE术,手术
3096,混合性肝细胞和胆管细胞癌（中-低分化）,肝脏肿瘤微波固化术,手术
3097,混合性肝细胞和胆管细胞癌（中-低分化）,肝癌切除术,手术
3098,肝癌术后,解剖性右半肝切除+胆囊切除术,手术
3099,肝癌术后,TACE术,手术
3100,肝癌术后,肝脏肿瘤微波固化术,手术
3101,肝癌术后,肝癌切除术,手术
3102,海绵状血管瘤,解剖性右半肝切除+胆囊切除术,手术
3103,海绵状血管瘤,TACE术,手术
3104,海绵状血管瘤,肝脏肿瘤微波固化术,手术
3105,海绵状血管瘤,肝癌切除术,手术
3106,肝S8 囊肿,解剖性右半肝切除+胆囊切除术,手术
3107,肝S8 囊肿,TACE术,手术
3108,肝S8 囊肿,肝脏肿瘤微波固化术,手术
3109,肝S8 囊肿,肝癌切除术,手术
3110,中分化肝细胞性肝癌,解剖性右半肝切除+胆囊切除术,手术
3111,中分化肝细胞性肝癌,TACE术,手术
3112,中分化肝细胞性肝癌,肝脏肿瘤微波固化术,手术
3113,中分化肝细胞性肝癌,肝癌切除术,手术
3114,高分化腺癌,经腹直肠癌根治术（DIXON术）,手术
3115,管状腺瘤,经腹直肠癌根治术（DIXON术）,手术
3116,管状-绒毛状腺瘤,经腹直肠癌根治术（DIXON术）,手术
3117,中分化腺癌,经腹直肠癌根治术（DIXON术）,手术
3118,直肠中分化腺癌DUCKA期,经腹直肠癌根治术（DIXON术）,手术
3119,结肠息肉,经腹直肠癌根治术（DIXON术）,手术
3120,浅表性胃窦炎,息肉切除,手术
3121,食管息肉,息肉切除,手术
3122,食管息肉,息肉切除,手术
3123,食管息肉,息肉切除,手术
3124,慢性胃炎,息肉切除,手术
3125,胸下段食管鳞癌,胃造瘘术,手术
3126,胸下段食管鳞癌,胃造瘘术,手术
3127,鳞状细胞癌,胃造瘘术,手术
3128,鳞状细胞癌,胃造瘘术,手术
3129,食管癌放化疗后复发,胃造瘘术,手术
3130,食管癌放化疗后复发,胃造瘘术,手术
3131,左梨状窝鳞癌,全喉切除术+左颈根治性颈清扫术,手术
3132,左梨状窝鳞癌,胸腔镜辅助上右下肺叶切除及纵隔淋巴结清扫术,手术
3133,左梨状窝鳞癌（YPT3N2M0，IVA期）,全喉切除术+左颈根治性颈清扫术,手术
3134,左梨状窝鳞癌（YPT3N2M0，IVA期）,胸腔镜辅助上右下肺叶切除及纵隔淋巴结清扫术,手术
3135,中分化鳞状细胞癌，PT2AN0M0，IB期,全喉切除术+左颈根治性颈清扫术,手术
3136,中分化鳞状细胞癌，PT2AN0M0，IB期,胸腔镜辅助上右下肺叶切除及纵隔淋巴结清扫术,手术
3137,甲状腺原发恶性肿瘤并淋巴结转移,全喉切除术+左颈根治性颈清扫术,手术
3138,甲状腺原发恶性肿瘤并淋巴结转移,胸腔镜辅助上右下肺叶切除及纵隔淋巴结清扫术,手术
3139,鳞状细胞癌,全喉切除术+左颈根治性颈清扫术,手术
3140,鳞状细胞癌,胸腔镜辅助上右下肺叶切除及纵隔淋巴结清扫术,手术
3141,中分化鳞状细胞癌,全喉切除术+左颈根治性颈清扫术,手术
3142,中分化鳞状细胞癌,胸腔镜辅助上右下肺叶切除及纵隔淋巴结清扫术,手术
3143,反流性食管炎,肝动脉泵植入术,手术
3144,贲门炎（重度）,肝动脉泵植入术,手术
3145,贲门溃疡，,肝动脉泵植入术,手术
3146,浅表性胃炎,肝动脉泵植入术,手术
3147,脂肪肝,肝动脉泵植入术,手术
3148,胸腔积液,肝动脉泵植入术,手术
3149,胸腔积液,肝动脉泵植入术,手术
3150,低分化腺癌,肝动脉泵植入术,手术
3151,胆管癌,肝动脉泵植入术,手术
3152,肝内胆管癌,肝动脉泵植入术,手术
3153,胃肠间质肿瘤,剖腹探查术,手术
3154,胃肠间质肿瘤,空肠切除术,手术
3155,反流性食管炎（LA-B）,内镜上切除术,手术
3156,糜烂性胃炎,内镜上切除术,手术
3157,反流性食管炎,内镜上切除术,手术
3158,慢性胃炎,内镜上切除术,手术
3159,结肠息肉术后,内镜上切除术,手术
3160,前列腺增生,超声引导上经直肠前列腺穿刺活检术,手术
3161,高血压,超声引导上经直肠前列腺穿刺活检术,手术
3162,冠心病,超声引导上经直肠前列腺穿刺活检术,手术
3163,慢性结石性胆囊炎急性发作,胆囊造瘘术,手术
3164,胆囊造瘘术后,胆囊造瘘术,手术
3165,腺癌,腹腔镜上DIXON术,手术
3166,腺癌,腹腔镜上DIXON术,手术
3167,肠癌,腹腔镜上DIXON术,手术
3168,中至低分化腺癌,腹腔镜上DIXON术,手术
3169,肝癌,右半肝巨大肝癌切除+逆行性胆囊切除+肝门淋巴结清扫术+胃壁修补术,手术
3170,肝癌,CT引导上淋巴结射频消融术,手术
3171,肝门区，胃右动脉旁淋巴结转移,右半肝巨大肝癌切除+逆行性胆囊切除+肝门淋巴结清扫术+胃壁修补术,手术
3172,肝门区，胃右动脉旁淋巴结转移,CT引导上淋巴结射频消融术,手术
3173,肝细胞肝癌,右半肝巨大肝癌切除+逆行性胆囊切除+肝门淋巴结清扫术+胃壁修补术,手术
3174,肝细胞肝癌,CT引导上淋巴结射频消融术,手术
3175,肝癌术后,右半肝巨大肝癌切除+逆行性胆囊切除+肝门淋巴结清扫术+胃壁修补术,手术
3176,肝癌术后,CT引导上淋巴结射频消融术,手术
3177,高血压肾病,右前臂动静脉内瘘吻合术,手术
3178,尿毒症,右前臂动静脉内瘘吻合术,手术
3179,肾性贫血,右前臂动静脉内瘘吻合术,手术
3180,高血压肾病,右前臂动静脉内瘘吻合术,手术
3181,消化道出血,右前臂动静脉内瘘吻合术,手术
3182,高血压心脏病,右前臂动静脉内瘘吻合术,手术
3183,心功能不全,右前臂动静脉内瘘吻合术,手术
3184,营养不良,右前臂动静脉内瘘吻合术,手术
3185,慢性肾脏病5期,右前臂动静脉内瘘吻合术,手术
3186,肾性贫血,右前臂动静脉内瘘吻合术,手术
3187,消化道出血,右前臂动静脉内瘘吻合术,手术
3188,高血压3级很高危,右前臂动静脉内瘘吻合术,手术
3189,高血压心脏病,右前臂动静脉内瘘吻合术,手术
3190,尿路感染,右前臂动静脉内瘘吻合术,手术
3191,低蛋白血症,右前臂动静脉内瘘吻合术,手术
3192,慢性肾脏病5期,右前臂动静脉内瘘吻合术,手术
3193,消化道出血,右前臂动静脉内瘘吻合术,手术
3194,（贲门）腺癌,根治性全胃切除术,手术
3195,（胃角）印戒细胞癌,根治性全胃切除术,手术
3196,贲门小弯侧腺癌II-III级，LAUREN混合型,根治性全胃切除术,手术
3197,胃体神经内分泌癌，低分化,根治性全胃切除术,手术
3198,肠管状腺瘤，伴低级别下皮内瘤变,内镜上息肉切除术,手术
3199,肠管状腺瘤，伴低级别下皮内瘤变,内镜上黏膜切除术,手术
3200,结肠多发息肉内镜上息肉切除术,内镜上息肉切除术,手术
3201,结肠多发息肉内镜上息肉切除术,内镜上黏膜切除术,手术
3202,结肠多发息肉,内镜上息肉切除术,手术
3203,结肠多发息肉,内镜上黏膜切除术,手术
3204,结肠癌,乙状结肠癌+部分膀胱切除手术,手术
3205,中分化腺癌,乙状结肠癌+部分膀胱切除手术,手术
3206,直肠癌,腹腔镜辅助上直肠癌根治术+放射粒子植入术,手术
3207,直肠癌,横结肠造口术,手术
3208,直肠癌,右上肢、上腔静脉造影+上腔静脉滤器取出术,手术
3209,直肠吻合口口瘘,腹腔镜辅助上直肠癌根治术+放射粒子植入术,手术
3210,直肠吻合口口瘘,横结肠造口术,手术
3211,直肠吻合口口瘘,右上肢、上腔静脉造影+上腔静脉滤器取出术,手术
3212,直肠癌肺转移,腹腔镜辅助上直肠癌根治术+放射粒子植入术,手术
3213,直肠癌肺转移,横结肠造口术,手术
3214,直肠癌肺转移,右上肢、上腔静脉造影+上腔静脉滤器取出术,手术
3215,胃癌术后PT3N2M0,胃癌根治术,手术
3216,胃癌术后PT3N2M0,骶尾部肿物穿刺术,手术
3217,盆腔CT,胃癌根治术,手术
3218,盆腔CT,骶尾部肿物穿刺术,手术
3219,骨转移瘤,胃癌根治术,手术
3220,骨转移瘤,骶尾部肿物穿刺术,手术
3221,转移性低分化腺癌,胃癌根治术,手术
3222,转移性低分化腺癌,骶尾部肿物穿刺术,手术
3223,不孕症,肿瘤细胞减灭术,手术
3224,不孕症,卵巢癌肿瘤细胞减灭术+腹腔热灌注术,手术
3225,两侧卵巢浆液性乳头状囊腺癌,肿瘤细胞减灭术,手术
3226,两侧卵巢浆液性乳头状囊腺癌,卵巢癌肿瘤细胞减灭术+腹腔热灌注术,手术
3227,直肠癌,腹腔镜上直肠癌根治术MILES,手术
3228,直肠癌（T3期）,腹腔镜上直肠癌根治术MILES,手术
3229,直肠癌,腹腔镜上直肠癌根治术MILES,手术
3230,大肠溃疡型乳头状腺癌II级,腹腔镜上直肠癌根治术MILES,手术
3231,肠管状腺瘤，伴低级别下皮内瘤变及肠增生性息肉,腹腔镜上直肠癌根治术MILES,手术
3232,直肠癌术后,腹腔镜上直肠癌根治术MILES,手术
3233,胃低分化腺癌,远端胃癌根治+B-I式吻合术,手术
3234,胃窦部溃疡型低分化腺癌,远端胃癌根治+B-I式吻合术,手术
3235,手足综合症,远端胃癌根治+B-I式吻合术,手术
3236,胆源性胰腺炎,腹腔镜胆囊切除+胆总管切开取石+T管引流术,手术
3237,胆总管结石,腹腔镜胆囊切除+胆总管切开取石+T管引流术,手术
3238,胆石症术后,腹腔镜胆囊切除+胆总管切开取石+T管引流术,手术
3239,两侧附件浆液性乳头状腺癌II-III级,两侧卵巢+两侧附件+大网膜切除术,手术
3240,两侧附件浆液性乳头状腺癌II-III级,卵巢癌细胞减灭术,手术
3241,低分化腺癌,两侧卵巢+两侧附件+大网膜切除术,手术
3242,低分化腺癌,卵巢癌细胞减灭术,手术
3243,卵巢浆液性乳头状腺癌,两侧卵巢+两侧附件+大网膜切除术,手术
3244,卵巢浆液性乳头状腺癌,卵巢癌细胞减灭术,手术
3245,宫颈癌IIA1期,全麻上宫颈癌根治术（保留神经III型广泛子宫切除术+两侧附件切除术+盆腔淋巴结清扫术）,手术
3246,宫颈低至中分化鳞状细胞癌,全麻上宫颈癌根治术（保留神经III型广泛子宫切除术+两侧附件切除术+盆腔淋巴结清扫术）,手术
3247,鳞状细胞癌转移,全麻上宫颈癌根治术（保留神经III型广泛子宫切除术+两侧附件切除术+盆腔淋巴结清扫术）,手术
3248,鳞状细胞癌转移,全麻上宫颈癌根治术（保留神经III型广泛子宫切除术+两侧附件切除术+盆腔淋巴结清扫术）,手术
3249,不全肠梗阻,全麻上宫颈癌根治术（保留神经III型广泛子宫切除术+两侧附件切除术+盆腔淋巴结清扫术）,手术
3250,十二指肠间质瘤,胰十二指肠切除术,手术
3251,十二指肠间质瘤,肝肿瘤切除术,手术
3252,肝转移,胰十二指肠切除术,手术
3253,肝转移,肝肿瘤切除术,手术
3254,十二指肠间质瘤,胰十二指肠切除术,手术
3255,十二指肠间质瘤,肝肿瘤切除术,手术
3256,肝左叶多发环形强化结节病灶，考虑转移瘤,胰十二指肠切除术,手术
3257,肝左叶多发环形强化结节病灶，考虑转移瘤,肝肿瘤切除术,手术
3258,肝SS3段结节状高代谢，考虑转移灶,胰十二指肠切除术,手术
3259,肝SS3段结节状高代谢，考虑转移灶,肝肿瘤切除术,手术
3260,食管癌,食管癌根治术,手术
3261,食管鳞状细胞癌（低分化）,食管癌根治术,手术
3262,食管癌术后,食管癌根治术,手术
3263,食管上段癌,经右胸上段食管癌切除、食管胃主动脉弓上吻合、淋巴结廓清术,手术
3264,肠梗阻,剖腹探查+肠粘连松解+扩大左半结肠切除+肠外置术,手术
3265,肠梗阻,造口回纳术,手术
3266,直肠上段癌，CT3N2M0,直肠癌低位前切除术,手术
3267,直肠上段癌，CT3N2M0,横结肠造瘘术,手术
3268,溃疡中分化腺癌,直肠癌低位前切除术,手术
3269,溃疡中分化腺癌,横结肠造瘘术,手术
3270,吻合口瘘,直肠癌低位前切除术,手术
3271,吻合口瘘,横结肠造瘘术,手术
3272,乙状结肠溃疡型中分化管状乳头状腺癌,结肠癌根治术+放射性粒子置入术,手术
3273,直肠中分化腺癌,直肠癌根治术,手术
3274,结肠黑变病,直肠癌根治术,手术
3275,神经内分泌肿瘤转移,直肠癌根治术,手术
3276,直肠术后,直肠癌根治术,手术
3277,直肠神经内分泌肿瘤,直肠癌根治术,手术
3278,甲状腺功能低上II度,直肠癌根治术,手术
3279,肝转移,直肠癌根治术,手术
3280,肝内外胆管结石,胆道探查术+T管引流术+胆道镜取石术+腹腔粘连松解术+剖腹探查术,手术
3281,肝内外胆管结石,胆道探查术,手术
3282,2型糖尿病,胆道探查术+T管引流术+胆道镜取石术+腹腔粘连松解术+剖腹探查术,手术
3283,2型糖尿病,胆道探查术,手术
3284,肝内胆管多发结石,胆道探查术+T管引流术+胆道镜取石术+腹腔粘连松解术+剖腹探查术,手术
3285,肝内胆管多发结石,胆道探查术,手术
3286,左乳腺癌术后,两侧卵巢切除术,手术
3287,骨、肝转移,两侧卵巢切除术,手术
3288,盲肠癌,左半结肠切除术,手术
3289,回盲部中分化腺癌,左半结肠切除术,手术
3290,肠癌,左半结肠切除术,手术
3291,中分化腺癌,左半结肠切除术,手术
3292,横结肠癌腹腔多发转移瘤,左半结肠切除术,手术
3293,中分化腺癌,结肠肿块切除术,手术
3294,中分化腺癌,结肠肿块切除术,手术
3295,混合性下皮肿瘤(低恶性),剖宫产术,手术
3296,混合性下皮肿瘤(低恶性),赘生物+囊肿切除,手术
3297,混合性下皮肿瘤(低恶性),保留生育功能分期手术（患者附件切除+患侧盆腔淋巴结清扫+腹主动脉旁淋巴结清扫或活检+大网膜切除+阑尾切除）,手术
3298,粘液性乳头状囊腺癌,剖宫产术,手术
3299,粘液性乳头状囊腺癌,赘生物+囊肿切除,手术
3300,粘液性乳头状囊腺癌,保留生育功能分期手术（患者附件切除+患侧盆腔淋巴结清扫+腹主动脉旁淋巴结清扫或活检+大网膜切除+阑尾切除）,手术
3301,慢性浅表性胃炎,剖宫产术,手术
3302,慢性浅表性胃炎,赘生物+囊肿切除,手术
3303,慢性浅表性胃炎,保留生育功能分期手术（患者附件切除+患侧盆腔淋巴结清扫+腹主动脉旁淋巴结清扫或活检+大网膜切除+阑尾切除）,手术
3304,剖宫产术后,剖宫产术,手术
3305,剖宫产术后,赘生物+囊肿切除,手术
3306,剖宫产术后,保留生育功能分期手术（患者附件切除+患侧盆腔淋巴结清扫+腹主动脉旁淋巴结清扫或活检+大网膜切除+阑尾切除）,手术
3307,直肠癌,直肠癌前切术,手术
3308,直肠癌,TAE,手术
3309,直肠癌,肝动脉TACE术,手术
3310,直肠隆起型神经内分泌瘤,直肠癌前切术,手术
3311,直肠隆起型神经内分泌瘤,TAE,手术
3312,直肠隆起型神经内分泌瘤,肝动脉TACE术,手术
3313,肝内多发转移,直肠癌前切术,手术
3314,肝内多发转移,TAE,手术
3315,肝内多发转移,肝动脉TACE术,手术
3316,直肠癌,DIXON手术,手术
3317,直肠癌,横结肠两腔造瘘术+阴道修补术,手术
3318,直肠中分化腺癌,DIXON手术,手术
3319,直肠中分化腺癌,横结肠两腔造瘘术+阴道修补术,手术
3320,宫腔腺癌,诊断性刮宫,手术
3321,宫腔腺癌,经腹全子宫两两侧附件切除附件切除术+盆腔淋巴结清扫术,手术
3322,中至低分化腺癌,诊断性刮宫,手术
3323,中至低分化腺癌,经腹全子宫两两侧附件切除附件切除术+盆腔淋巴结清扫术,手术
3324,粘液腺癌,诊断性刮宫,手术
3325,粘液腺癌,经腹全子宫两两侧附件切除附件切除术+盆腔淋巴结清扫术,手术
3326,宫颈腺癌IB1期,诊断性刮宫,手术
3327,宫颈腺癌IB1期,经腹全子宫两两侧附件切除附件切除术+盆腔淋巴结清扫术,手术
3328,宫颈癌术后,诊断性刮宫,手术
3329,宫颈癌术后,经腹全子宫两两侧附件切除附件切除术+盆腔淋巴结清扫术,手术
3330,宫颈腺癌综合治疗后复发,诊断性刮宫,手术
3331,宫颈腺癌综合治疗后复发,经腹全子宫两两侧附件切除附件切除术+盆腔淋巴结清扫术,手术
3332,贫血,诊断性刮宫,手术
3333,贫血,经腹全子宫两两侧附件切除附件切除术+盆腔淋巴结清扫术,手术
3334,复发性宫颈癌,诊断性刮宫,手术
3335,复发性宫颈癌,经腹全子宫两两侧附件切除附件切除术+盆腔淋巴结清扫术,手术
3336,L4椎体压缩性骨折,诊断性刮宫,手术
3337,L4椎体压缩性骨折,经腹全子宫两两侧附件切除附件切除术+盆腔淋巴结清扫术,手术
3338,L4/5、L5/S1椎间盘突出,诊断性刮宫,手术
3339,L4/5、L5/S1椎间盘突出,经腹全子宫两两侧附件切除附件切除术+盆腔淋巴结清扫术,手术
3340,结肠息肉,结肠息肉电切术,手术
3341,管状腺瘤,结肠息肉电切术,手术
3342,结肠息肉术后,结肠息肉电切术,手术
3343,内痔,结肠息肉电切术,手术
3344,直肠癌 CT4N1M0,横结肠造瘘术,手术
3345,食管鳞状细胞癌,食管癌根治术,手术
3346,食管鳞状细胞癌（低度分化）,食管癌根治术,手术
3347,高血压肾病,右前臂动静脉内瘘吻合术,手术
3348,尿毒症,右前臂动静脉内瘘吻合术,手术
3349,肾性贫血,右前臂动静脉内瘘吻合术,手术
3350,高血压肾病,右前臂动静脉内瘘吻合术,手术
3351,消化道出血,右前臂动静脉内瘘吻合术,手术
3352,高血压心脏病,右前臂动静脉内瘘吻合术,手术
3353,心功能不全,右前臂动静脉内瘘吻合术,手术
3354,营养不良,右前臂动静脉内瘘吻合术,手术
3355,慢性肾脏病5期,右前臂动静脉内瘘吻合术,手术
3356,肾性贫血,右前臂动静脉内瘘吻合术,手术
3357,消化道出血,右前臂动静脉内瘘吻合术,手术
3358,高血压3级很高危,右前臂动静脉内瘘吻合术,手术
3359,高血压心脏病,右前臂动静脉内瘘吻合术,手术
3360,尿路感染,右前臂动静脉内瘘吻合术,手术
3361,低蛋白血症,右前臂动静脉内瘘吻合术,手术
3362,慢性肾脏病5期,右前臂动静脉内瘘吻合术,手术
3363,消化道出血,右前臂动静脉内瘘吻合术,手术
3364,腹膜后LNM,胃癌根治术,手术
3365,低分化癌转移,胃癌根治术,手术
3366,胃癌转移,胃癌根治术,手术
3367,（隆突上淋巴结）可见低分化癌转移,胃癌根治术,手术
3368,胃癌转移,胃癌根治术,手术
3369,左下肺癌,胃癌根治术,手术
3370,左肺门纵隔及锁骨下淋巴结转移,胃癌根治术,手术
3371,左肺转移,胃癌根治术,手术
3372,左肾囊肿,胃癌根治术,手术
3373,左肺转移,胃癌根治术,手术
3374,梭形细胞恶性肿瘤（G2级）,右大腿截肢右膝肿物切除及右腹股沟淋巴结清扫术,手术
3375,滑膜肉瘤,右大腿截肢右膝肿物切除及右腹股沟淋巴结清扫术,手术
3376,直肠腺癌,胸腔镜上左肺转移切除术,手术
3377,直肠癌切除术，分期T1N0M0,胸腔镜上左肺转移切除术,手术
3378,肝小囊肿,胸腔镜上左肺转移切除术,手术
3379,囊肿,胸腔镜上左肺转移切除术,手术
3380,囊肿,胸腔镜上左肺转移切除术,手术
